GA_scaled,Command_index_scaled,GA90_scaled,Save_consistency_scaled,League_strength_scaled,Shot_stopping_index_scaled,PKatt_scaled,Adj_GA90_scaled,Starts_scaled,MP_scaled,Goals_prevented_scaled,Saves_per_90_scaled,Mins_per_match_scaled,L_scaled,90s_scaled,Experience_scaled,W_scaled,SoTA_scaled,CS_scaled,D_scaled,Adj_save%_scaled,Born_scaled,Min_scaled,Top_team_experience_scaled,Market_value_driver_scaled,Age_scaled,Shots_faced_per_90_scaled,PKA_scaled,Saves_scaled,Market_Value_Numeric,Log_Market_Value
0.14705882352941177,-0.12630661584856467,-0.5345622119815667,0.25663410104924744,1.6507592190889404,0.28824873094560016,-0.25,-0.9415135602595003,0.3333333333333333,0.3333333333333333,0.5351948807446182,-0.07260261511134093,-0.5326876513317262,-0.2,0.32962962962962955,0.35673409919185844,1.1,0.26450116009280744,0.7142857142857143,0.42857142857142855,0.9730285721183481,-0.5714285714285714,0.32839506172839505,1.0,1.0154288494406596,0.5,-0.37568106711391547,0.0,0.3493150684931507,20000000.0,16.811242881518265
0.5,-0.4471177125681148,0.5529953917050686,0.2654456526649859,1.6507592190889404,-0.7627293300206179,-0.5,0.35033062707330237,0.2222222222222222,0.25925925925925924,-1.094628660073682,0.41396913094753707,-3.8244241634072513,0.8,0.22592592592592597,0.3043572814061628,-0.2,0.4037122969837587,0.14285714285714285,0.42857142857142855,0.23239257693429047,-0.42857142857142855,0.22633744855967078,0.0,0.294213474915627,0.5,0.4595616887910804,-0.3333333333333333,0.4041095890410959,9000000.0,16.012735246411598
0.4411764705882353,-0.2926529814821187,-0.1290322580645162,0.03550244207390068,1.6507592190889404,0.5512299975862942,0.5,-0.45980894803370953,0.4444444444444444,0.4444444444444444,1.2266821795617617,0.4105046169328773,0.0,0.6,0.4444444444444444,0.4103381497195918,0.6,0.580046403712297,0.5714285714285714,0.42857142857142855,1.1557829085923372,-0.2857142857142857,0.4444444444444444,0.0,0.8024783750097246,0.16666666666666666,0.24260185252565095,1.0,0.6506849315068494,10000000.0,16.118095750958314
-0.6470588235294118,-0.9852900746292391,1.2350230414746537,-3.3880192191838674,1.6507592190889404,-0.7495283820805477,-0.5,1.1604702021803142,-0.6666666666666666,-0.6666666666666666,-0.1939111886755861,-0.7373581664041854,0.0,-0.4,-0.6666666666666666,-1.3124364199062464,-0.7,-0.6264501160092807,-0.5714285714285714,-0.5714285714285714,-1.1430742712646735,0.42857142857142855,-0.6666666666666666,1.0,-1.6066186543300987,-0.5,-0.027521753142120832,-0.3333333333333333,-0.6232876712328768,600000.0,13.304686600863562
-0.4117647058823529,-0.3142978906429656,2.1566820276497687,-7.701737020120964,1.6507592190889404,-1.4128523887148956,-0.5,2.255253411784384,-0.5555555555555556,-0.5555555555555556,-0.9629629629629604,-0.7373581664041854,0.0,-0.2,-0.5555555555555556,-0.6189482334997548,-0.6,-0.505800464037123,-0.42857142857142855,-0.5714285714285714,-1.9895154086178826,0.2857142857142857,-0.5555555555555556,0.0,-1.1279527246627394,-0.3333333333333333,0.1818240412504025,-0.3333333333333333,-0.541095890410959,8000000.0,15.894952224644102
-0.5882352941176471,0.35669429334330793,1.2350230414746537,0.41588674157990896,1.6507592190889404,-0.40849762839768,-0.5,1.1604702021803142,-0.6296296296296297,-0.6296296296296297,-0.10005817335660226,1.4192325174412053,0.0,-0.4,-0.6296296296296297,-0.966382635709981,-0.6,-0.5522041763341067,-0.42857142857142855,-0.5714285714285714,0.46324015984880307,-0.42857142857142855,-0.6296296296296297,0.0,-1.2794446239802881,0.5,1.6472446019980658,-0.3333333333333333,-0.541095890410959,1500000.0,14.220976332738882
-0.35294117647058826,0.35669429334330793,-0.23963133640553008,0.3582682351662884,1.6507592190889404,0.01538029262026987,-0.5,-0.591182933186198,-0.3333333333333333,-0.3333333333333333,0.08861741322474381,0.23310764132624032,0.0,-0.2,-0.3333333333333333,-0.46680971915069713,0.0,-0.28306264501160094,0.14285714285714285,-0.5714285714285714,0.8479861313729892,-1.0,-0.3333333333333333,0.0,-0.48492413214134295,1.1666666666666667,0.0562165646148882,-0.3333333333333333,-0.2534246575342466,1000000.0,13.815511557963774
0.058823529411764705,0.044323171856689596,-0.5898617511520736,0.4250775609387275,1.6507592190889404,0.0064613646034203335,0.0,-1.0072005528357446,0.25925925925925924,0.25925925925925924,-0.01628853984874757,-0.6788460160672949,-0.9561060408518173,0.1,0.2518518518518519,0.31753787655245125,0.9,0.060324825986078884,0.8571428571428571,0.0,0.7037063920514189,-0.42857142857142855,0.25102880658436216,1.0,0.9002529447441132,0.3333333333333333,-0.8454309033268631,0.3333333333333333,0.07534246575342465,20000000.0,16.811242881518265
0.058823529411764705,0.044323171856689596,-0.5898617511520736,0.4250775609387275,1.6507592190889404,0.0064613646034203335,0.0,-1.0072005528357446,0.25925925925925924,0.25925925925925924,-0.01628853984874757,-0.6788460160672949,-0.9561060408518173,0.1,0.2518518518518519,0.31753787655245125,0.9,0.060324825986078884,0.8571428571428571,0.0,0.7037063920514189,-0.42857142857142855,0.25102880658436216,1.0,0.9002529447441132,0.3333333333333333,-0.8454309033268631,0.3333333333333333,0.07534246575342465,20000000.0,16.811242881518265
0.7941176470588235,0.613908551358762,0.018433179723502315,0.41588674157990896,1.6507592190889404,-0.4558946319819219,0.0,-0.28464363449705815,0.7037037037037037,0.7037037037037037,-0.7155322862129102,-0.027953336191885794,0.0,0.6,0.7037037037037037,0.5127661666906008,0.6,0.728538283062645,1.0,1.4285714285714286,0.46324015984880307,0.14285714285714285,0.7037037037037037,0.0,0.7452041178132351,-0.16666666666666666,-0.0715945519615992,0.0,0.7328767123287672,10000000.0,16.118095750958314
-0.35294117647058826,1.1258744063512918,-0.23963133640553008,0.43656278511865937,1.6507592190889404,-0.14350936402489575,-0.25,-0.591182933186198,-0.3333333333333333,-0.3333333333333333,-0.1469846810160944,-0.3060400296351074,0.0,-0.4,-0.3333333333333333,-0.1586617792969755,0.0,-0.32018561484918795,0.0,-0.2857142857142857,0.5498080034417431,0.2857142857142857,-0.3333333333333333,1.0,0.29726567251888175,-0.5,-0.2787367064131487,-0.3333333333333333,-0.3219178082191781,20000000.0,16.811242881518265
0.8823529411764706,-0.029841504633608313,0.1658986175115204,0.43911353238619727,1.6507592190889404,-0.31677846918318564,0.5,-0.10947832096040717,0.7037037037037037,0.7037037037037037,-0.3856893542757377,0.11392762985057385,0.0,0.9,0.7037037037037037,0.5127661666906008,0.8,0.8120649651972158,0.14285714285714285,0.7142857142857143,0.5786639513060587,-0.5714285714285714,0.7037037037037037,0.0,0.7309808098085723,0.6666666666666666,0.12673304272605418,0.6666666666666666,0.8013698630136986,6000000.0,15.607270193858982
-0.6470588235294118,-0.9852900746292391,-0.608294930875576,-2.7566178333713935,1.6507592190889404,0.4454265990488953,-0.5,-1.0290962170278257,-0.6296296296296297,-0.6296296296296297,0.346713205351948,3.0366755303252484,0.0,-0.5,-0.6296296296296297,-1.2018356984865322,-0.7,-0.54292343387471,-0.5714285714285714,-0.2857142857142857,2.1849783824195343,-1.0,-0.6296296296296297,0.0,-1.4793067721188855,1.1666666666666667,2.065936190783112,-0.3333333333333333,-0.5,20000000.0,16.811242881518265
0.5882352941176471,0.3274670267770394,-0.07373271889400926,0.4319347073869935,1.6507592190889404,-0.11767686083467042,0.5,-0.39412195545746487,0.5555555555555556,0.5555555555555556,-0.07213496218731524,-0.10306678880259978,0.0,1.0,0.5555555555555556,0.45680913980643667,0.3,0.5614849187935035,0.7142857142857143,0.7142857142857143,0.6748504441871056,0.0,0.5555555555555556,0.0,0.7364814450715786,0.0,-0.12603742109154323,0.6666666666666666,0.5547945205479452,15000000.0,16.52356082573315
-0.17647058823529413,-0.30862522944790527,0.258064516129032,0.4394812798700585,1.6507592190889404,-0.22571365494356949,0.0,0.0,-0.25925925925925924,-0.2222222222222222,-0.14349427961993277,0.022751664787222906,-6.6927422859626855,-0.2,-0.2518518518518519,-0.05777575761509222,-0.2,-0.19953596287703015,-0.14285714285714285,0.0,0.5882826005941633,-0.5714285714285714,-0.25102880658436216,1.0,0.2982301918398639,0.5,0.054843805307397006,0.3333333333333333,-0.19863013698630136,10000000.0,16.118095750958314
0.5882352941176471,1.506799615255949,-0.3133640552995393,0.15095165501735808,1.6507592190889404,0.5648321326920702,0.0,-0.6787655899545234,0.7037037037037037,0.7037037037037037,1.2177622648826818,0.4260657551439859,0.0,0.7,0.7037037037037037,0.5127661666906008,0.4,0.8491879350348028,1.1428571428571428,1.5714285714285714,1.069215064999395,-0.2857142857142857,0.7037037037037037,0.0,1.0895354641483348,0.3333333333333333,0.21487864036501236,-0.3333333333333333,0.952054794520548,20000000.0,16.811242881518265
0.29411764705882354,-0.06709024391118135,-0.8110599078341012,-0.007242183187806299,1.6507592190889404,0.6535131858158137,0.25,-1.2699485231407213,0.7037037037037037,0.7037037037037037,1.1634671320535177,-0.45359623431926566,0.0,-0.1,0.7037037037037037,0.5127661666906008,1.3,0.45011600928074247,1.2857142857142858,1.4285714285714286,1.1846388564566506,-0.14285714285714285,0.7037037037037037,1.0,1.3305960391085945,0.0,-0.7326865342537783,0.6666666666666666,0.5273972602739726,1500000.0,14.220976332738882
0.6470588235294118,-0.06709024391118135,-0.22119815668202777,0.03550244207390068,1.6507592190889404,0.6971089994096892,0.25,-0.5692872689941163,0.7037037037037037,0.7037037037037037,1.521233275159978,0.4828181415609696,0.0,0.6,0.7037037037037037,0.5127661666906008,1.2,0.8677494199535963,1.2857142857142858,0.5714285714285714,1.1557829085923372,-0.5714285714285714,0.7037037037037037,0.0,0.999172391447606,0.6666666666666666,0.25895143918449,0.6666666666666666,0.9794520547945206,25000000.0,17.034386422832473
-0.6764705882352942,0.35669429334330793,-1.5299539170506908,-0.13159556717623058,1.6507592190889404,0.28949115811308646,-0.5,-2.1238794266318957,-0.6296296296296297,-0.6296296296296297,0.0,-1.2765058373655331,0.0,-0.5,-0.6296296296296297,-1.0448669899688316,-0.5,-0.6264501160092807,-0.42857142857142855,-0.5714285714285714,1.2615880507614885,-0.8571428571428571,-0.6296296296296297,0.0,-1.199776396410855,0.8333333333333334,-1.7022881082823074,-0.3333333333333333,-0.6095890410958904,8000000.0,15.894952224644102
-0.5588235294117647,-0.44849632744022044,-0.608294930875576,-1.2441197688103582,1.6507592190889404,0.4241511488044396,-0.5,-1.0290962170278257,-0.5185185185185185,-0.5185185185185185,0.48671708357572163,1.4192325174412053,0.0,-0.4,-0.5185185185185185,-0.5069300627289947,-0.5,-0.43155452436194897,-0.42857142857142855,-0.2857142857142857,1.7425205151667202,0.42857142857142855,-0.5185185185185185,0.0,-0.49462811991372263,-0.5,0.8098614244279725,-0.3333333333333333,-0.3767123287671233,8000000.0,15.894952224644102
0.38235294117647056,-0.5379619519717238,0.38709677419354815,0.30012051777392235,1.6507592190889404,-0.6386737206796469,-0.25,0.1532696493445697,0.18518518518518517,0.18518518518518517,-0.8970331588132598,0.11629231261794824,0.0,0.7,0.18518518518518517,0.2815921929961913,0.2,0.28306264501160094,0.0,-0.14285714285714285,0.2708671740867094,0.0,0.18518518518518517,1.0,0.6321787912822492,-0.16666666666666666,0.1818240412504025,0.0,0.2671232876712329,18000000.0,16.705882371415992
0.08823529411764706,-0.5615055373747505,0.1658986175115204,0.3756930775544561,-1.0,-0.41251459719183875,-0.25,0.5495013333892184,0.0,0.0,-0.5181306961411666,-0.11308191581736177,0.0,-0.1,0.0,-0.3979054450423014,0.3,0.04176334106728538,-0.14285714285714285,0.14285714285714285,-0.7301609336122195,-1.2857142857142858,0.0,0.0,-0.6332759489866824,1.5,-0.027521753142120832,0.0,0.02054794520547945,8000000.0,15.894952224644102
-0.4411764705882353,0.7955304958964,-1.2165898617511517,-0.4051169052131757,-1.0,0.4554252706075393,0.0,-1.440726115356477,-0.18518518518518517,-0.18518518518518517,0.44793484584060433,-0.9626736109850471,-4.794188861985519,-0.4,-0.2074074074074074,-0.19006796798582007,0.2,-0.3480278422273782,0.14285714285714285,0.0,0.11904797830633966,0.5714285714285714,-0.2074074074074074,0.0,-0.00934626633064951,-0.8333333333333334,-1.252350878543153,0.0,-0.3219178082191781,2500000.0,14.731801689838349
-0.5294117647058824,-0.09063382931420796,-0.608294930875576,0.39618681296041225,-1.0,0.027933691768261378,-0.5,-0.5650260379083707,-0.48148148148148145,-0.48148148148148145,-0.007756447547023468,-0.3779263857632873,0.0,-0.3,-0.48148148148148145,-0.4153626963687051,-0.4,-0.4779582366589327,-0.2857142857142857,-0.42857142857142855,-0.3968265943544667,0.14285714285714285,-0.48148148148148145,0.0,-0.5016602884936818,-0.16666666666666666,-0.5857772048555167,-0.3333333333333333,-0.4589041095890411,40000000.0,17.50439003707821
0.2647058823529412,-0.7412929168160489,0.33179723502304126,0.43960776678403335,-1.0,-0.266780439014295,0.5,0.788328627238703,0.1111111111111111,0.1111111111111111,-0.2105875509016867,0.1727626726498325,-1.0169491525423753,0.0,0.10370370370370373,0.2332312681724618,0.4,0.2088167053364269,-0.2857142857142857,0.2857142857142857,-0.5476207002091648,0.2857142857142857,0.1037037037037037,0.0,0.251873927906202,-0.5,0.23368033894396287,0.6666666666666666,0.19863013698630136,7000000.0,15.76142084987672
-0.5294117647058824,-0.9852900746292391,0.3133640552995389,-0.7084761566343483,-1.0,-0.47661959141986215,0.0,0.7617922612554265,-0.5555555555555556,-0.5555555555555556,-0.29552065154159324,-1.2765058373655331,0.0,-0.3,-0.5555555555555556,-0.6189482334997548,-0.7,-0.5522041763341067,-0.5714285714285714,-0.2857142857142857,-1.3254008251439184,-0.42857142857142855,-0.5555555555555556,0.0,-0.9856633014188287,0.3333333333333333,-0.8649049307122141,0.0,-0.5684931506849316,7000000.0,15.76142084987672
-0.7058823529411765,1.6986786613158549,-2.4516129032258056,-10.700605443553957,-1.0,1.0181162871476428,-0.5,-3.218662636235966,-0.6666666666666666,-0.6666666666666666,0.25402365716501785,2.4975278593639008,0.0,-0.5,-0.6666666666666666,-1.3805391606392092,-0.7,-0.617169373549884,-0.42857142857142855,-0.42857142857142855,1.9841329717723324,-0.7142857142857143,-0.6666666666666666,0.0,-1.4098710599870772,0.8333333333333334,0.8098614244279725,-0.3333333333333333,-0.5821917808219178,1500000.0,14.220976332738882
0.7941176470588235,0.5497339795406966,0.018433179723502315,-0.21694224702518403,-1.0,1.055433702121821,1.0,0.3372104055230119,0.7037037037037037,0.7037037037037037,2.3734729493891766,1.0787181989393009,0.0,1.3,0.7037037037037037,0.30800146947248735,0.4,1.1183294663573087,0.5714285714285714,0.7142857142857143,0.03968265943544655,0.7142857142857143,0.7037037037037037,0.0,0.8105938112268659,-0.8333333333333334,0.8539342232474508,1.0,1.2671232876712328,4000000.0,15.201805169084134
0.7941176470588235,1.2204059834346708,0.20276497695852505,0.3700238361080707,-1.0,-0.61533095658078,0.75,0.6025740653557712,0.6296296296296297,0.6296296296296297,-0.9616055846422294,-0.16024234960048914,-1.5536723163841943,1.2,0.6111111111111112,0.4785286010168827,0.4,0.6635730858468677,0.5714285714285714,0.5714285714285714,-0.7380974654993077,-0.5714285714285714,0.6111111111111112,0.0,0.6498323960307334,0.6666666666666666,-0.003933494619019643,0.3333333333333333,0.5821917808219178,30000000.0,17.216707972959764
0.29411764705882354,-0.3792326181255081,-0.4239631336405528,0.21722327071479652,-1.0,0.3554234759905207,0.0,-0.299662378075611,0.4444444444444444,0.4444444444444444,0.718247042854374,-0.006900031553327926,0.0,0.7,0.4444444444444444,0.4103381497195918,0.4,0.41299303944315546,0.42857142857142855,0.5714285714285714,-0.20634982906432206,0.14285714285714285,0.4444444444444444,0.0,0.6886900448518213,-0.16666666666666666,-0.24362063767633826,0.3333333333333333,0.4863013698630137,32000000.0,17.281246492014
0.7058823529411765,0.5364730353921937,0.1474654377880181,0.4385396634035464,-1.0,-0.22517123460412286,1.25,0.5229649674059423,0.5555555555555556,0.5555555555555556,-0.2047702152414162,-0.0713522199225211,0.0,0.7,0.5555555555555556,0.2548422939325313,0.4,0.5986078886310905,0.5714285714285714,1.0,-0.5238111045478957,0.5714285714285714,0.5555555555555556,0.0,0.3945515041754524,-0.8333333333333334,-0.027521753142120832,1.3333333333333333,0.5684931506849316,500000.0,13.122365377402328
-0.6176470588235294,0.05228691197325443,0.3133640552995389,-0.13159556717623058,-1.0,-0.0064613646034203335,-0.25,0.7617922612554265,-0.6296296296296297,-0.6296296296296297,0.09307737056428142,1.4192325174412053,0.0,-0.3,-0.6296296296296297,-1.2279971499061497,-0.7,-0.5522041763341067,-0.5714285714285714,-0.5714285714285714,0.0,0.7142857142857143,-0.6296296296296297,0.0,-1.6074443419307944,-1.0,1.6472446019980658,-0.3333333333333333,-0.541095890410959,15000000.0,16.52356082573315
-0.7058823529411765,1.6986786613158549,-2.4516129032258056,-10.700605443553957,-1.0,0.9391106621382844,-0.5,-3.218662636235966,-0.6296296296296297,-0.6296296296296297,0.0736862516967227,-1.8156535083268808,0.0,-0.5,-0.6296296296296297,-0.966382635709981,-0.5,-0.6450116009280742,-0.2857142857142857,-0.5714285714285714,1.9841329717723324,-0.2857142857142857,-0.6296296296296297,0.0,-0.8663111222982104,0.3333333333333333,-2.5396712858524007,-0.3333333333333333,-0.6232876712328768,6000000.0,15.607270193858982
0.4411764705882353,0.24326408604150795,-0.03686635944700463,0.43911353238619727,-1.0,-0.23581787971627155,0.5,0.257601307573184,0.4074074074074074,0.4074074074074074,-0.28543726973046063,-0.24359329602880964,-1.118644067796627,0.7,0.39629629629629626,0.269647284864762,0.1,0.37587006960556846,0.42857142857142855,0.8571428571428571,-0.5634937639833422,-0.8571428571428571,0.3962962962962963,0.0,0.3884651945173631,0.8333333333333334,-0.2192458476699535,0.6666666666666666,0.3493150684931507,1800000.0,14.403297778421795
-0.17647058823529413,-0.2673326117133521,-0.3133640552995393,0.4048549250384296,-1.0,-0.010505518128764978,0.0,-0.1404441821759556,-0.14814814814814814,-0.1111111111111111,0.03567965871630788,-0.4590884007467154,-3.4180790960452274,0.0,-0.12962962962962962,0.06205227458299716,0.0,-0.1716937354988399,0.0,-0.14285714285714285,-0.41269965812864534,0.42857142857142855,-0.12921810699588476,1.0,0.4679669963891211,-0.5,-0.5137442433441108,0.3333333333333333,-0.17123287671232876,7500000.0,15.830413711839864
0.5588235294117647,0.4703662834741965,-0.2580645161290324,0.3518895880336687,-1.0,0.1601200843023993,1.0,-0.06083508422612769,0.6296296296296297,0.6296296296296297,0.4072134962187312,-0.31802108898980397,0.0,1.1,0.6296296296296297,0.4855649943713334,0.6,0.54292343387471,1.2857142857142858,0.42857142857142855,-0.3333343392577522,-0.14285714285714285,0.6296296296296297,0.0,0.8069011308615331,0.16666666666666666,-0.3531707666416015,1.3333333333333333,0.5273972602739726,20000000.0,16.811242881518265
-0.4117647058823529,-0.2184418643592126,0.18433179723502272,-1.718782156152294,-1.0,0.5989682969753474,-0.25,0.5760376993724947,-0.4444444444444444,-0.4444444444444444,1.150668993600928,3.113696626176869,0.0,-0.1,-0.4444444444444444,-0.33791922839618954,-0.5,-0.2088167053364269,-0.2857142857142857,-0.42857142857142855,0.5238111045478957,0.5714285714285714,-0.4444444444444444,0.0,-0.25355418031273713,-0.6666666666666666,2.484627779568159,0.0,-0.11643835616438356,2500000.0,14.731801689838349
0.4411764705882353,-0.3120797346628458,-0.14746543778801852,0.1269571872249787,-1.0,0.38384490006478605,1.75,0.09838311167352815,0.48148148148148145,0.48148148148148145,0.8656195462478172,-0.30189273985848164,-2.71892655367234,0.8,0.45185185185185184,0.4139315265765356,0.2,0.37587006960556846,0.5714285714285714,0.8571428571428571,-0.1428575739676076,0.0,0.45267489711934156,0.0,0.706555876365678,-0.16666666666666666,-0.37106356958113335,2.6666666666666665,0.3767123287671233,700000.0,13.45883704259595
0.4411764705882353,0.03297666305927077,-0.552995391705069,-0.19940519546357222,-1.0,0.7828747024944431,1.75,-0.48541693995854235,0.7037037037037037,0.7037037037037037,1.5171611401977871,-0.45359623431926566,0.0,1.3,0.7037037037037037,0.5127661666906008,0.4,0.505800464037123,0.7142857142857143,0.7142857142857143,0.03174612754835724,-0.42857142857142855,0.7037037037037037,0.0,0.9756029891904437,0.5,-0.6004681377953425,2.3333333333333335,0.5273972602739726,2000000.0,14.508658238524095
-0.4411764705882353,0.05228691197325443,1.6958525345622113,-3.3880192191838674,-1.0,-1.0596838649381846,-0.25,2.752019710001123,-0.5555555555555556,-0.5555555555555556,-0.709714950552645,-0.19821049544283775,0.0,-0.3,-0.5555555555555556,-0.6189482334997548,-0.5,-0.4965197215777262,-0.5714285714285714,-0.5714285714285714,-1.9841329717723324,0.14285714285714285,-0.5555555555555556,0.0,-1.0587117828588415,-0.16666666666666666,0.3911698356429258,-0.3333333333333333,-0.5136986301369864,25000000.0,17.034386422832473
-0.17647058823529413,-0.9852900746292391,1.6958525345622113,-0.5953200119921525,0.0,-0.9057231398661855,0.5,0.0,-0.4074074074074074,-0.4074074074074074,-0.7190226876090732,-0.7373581664041854,0.0,-0.1,-0.4074074074074074,-0.2708192191272159,-0.5,-0.3480278422273782,-0.5714285714285714,-0.2857142857142857,0.0,0.14285714285714285,-0.4074074074074074,0.0,0.0,-0.16666666666666666,0.1818240412504025,1.0,-0.4315068493150685,2500000.0,14.731801689838349
-0.11764705882352941,-0.23787275849068468,-0.46082949308755744,0.08918442372098094,0.0,0.30681505282279936,0.0,0.0,-0.037037037037037035,0.0,0.5468295520651533,-0.09620958472042046,-2.8783823966696587,0.1,-0.018518518518518517,0.1509758578898496,0.1,-0.03248259860788863,0.14285714285714285,0.0,0.0,-0.14285714285714285,-0.01810699588477366,0.0,0.0,0.16666666666666666,-0.29910548640809687,0.3333333333333333,0.00684931506849315,6000000.0,15.607270193858982
-0.058823529411764705,-0.2397432035333799,-0.20276497695852544,0.4394929916102142,0.0,-0.14031813144051075,-0.25,-0.22091612344439054,-0.037037037037037035,-0.037037037037037035,-0.14892379290284885,-0.2581157922163206,0.0,0.4,-0.037037037037037035,-0.23504842384900507,-0.2,-0.05104408352668213,0.14285714285714285,0.0,-0.10690096446444931,0.7142857142857143,-0.037037037037037035,0.0,-0.292158196125844,-1.0,-0.3066494789988187,0.0,-0.04794520547945205,3000000.0,14.914123179965662
1.0,0.0488130876512552,0.3686635944700459,0.21722327071479652,0.0,0.39837428936086383,2.0,0.0,0.7037037037037037,0.7037037037037037,1.1467907698274211,0.6530753008119216,0.0,1.5,0.7037037037037037,0.5127661666906008,0.1,1.0162412993039442,0.7142857142857143,0.8571428571428571,0.0,-0.14285714285714285,0.7037037037037037,0.0,0.0,0.16666666666666666,0.6115338297403191,2.3333333333333335,1.0616438356164384,18000000.0,16.705882371415992
0.4117647058823529,1.188240194894104,-0.38709677419354815,0.23740636801702214,0.0,0.3716022138990217,0.25,-0.4666330507223879,0.5555555555555556,0.5555555555555556,0.7787473337211546,0.08722062447787568,0.0,0.6,0.5555555555555556,0.3356290322820934,1.1,0.5707656612529002,0.8571428571428571,0.14285714285714285,0.23594349013100716,-0.8571428571428571,0.5555555555555556,0.0,0.7369426833412294,0.8333333333333334,-0.10140850410418799,0.0,0.636986301369863,30000000.0,17.216707972959764
-0.2647058823529412,0.0004288194559985293,1.4930875576036862,0.06216519056160338,0.0,-0.684321131955216,0.5,2.0396796075131913,-0.4444444444444444,-0.4444444444444444,-0.4498739577273595,-0.4292737829977012,0.0,-0.1,-0.4444444444444444,-0.33791922839618954,-0.6,-0.3665893271461717,-0.42857142857142855,-0.2857142857142857,-0.5954543122629764,-0.14285714285714285,-0.4444444444444444,0.0,-0.55872707599961,0.16666666666666666,0.4509829197550751,0.6666666666666666,-0.4315068493150685,600000.0,13.304686600863562
0.20588235294117646,0.5425111749917069,-0.4792626728110597,-0.09909669569763833,0.0,0.6204977545518224,0.5,-0.5894915143613872,0.37037037037037035,0.37037037037037035,1.201861547411284,0.15502418553183867,0.0,0.6,0.37037037037037035,0.3767881312631715,0.1,0.3665893271461717,0.8571428571428571,0.8571428571428571,0.45879238561805474,-0.42857142857142855,0.37037037037037035,0.0,0.8080413399414664,0.5,-0.1718981630679987,0.6666666666666666,0.4726027397260274,3500000.0,15.068273812173887
0.5,0.7074465798518698,-0.38709677419354815,0.3644065952961965,0.0,0.16616720032630147,0.0,0.0,0.6666666666666666,0.6666666666666666,0.37541206127593507,-0.0361715779407933,-1.2093449381585022,0.6,0.6518518518518519,0.4938808248640765,1.0,0.5986078886310905,1.1428571428571428,0.7142857142857143,0.0,-0.14285714285714285,0.6518518518518519,0.0,0.0,0.16666666666666666,-0.2654666997740602,0.0,0.678082191780822,900000.0,13.710151153416941
-0.5,0.20758491912413596,-1.0138248847926263,0.007242183187792907,0.0,0.2756345909138642,-0.5,-1.3020706034675815,-0.37037037037037035,-0.37037037037037035,0.2204770215241416,-0.497736979310253,0.0,-0.4,-0.37037037037037035,-0.5487129670555705,-0.4,-0.41299303944315546,0.0,0.14285714285714285,0.3987946060638491,0.7142857142857143,-0.37037037037037035,0.0,-0.5728448273189221,-1.0,-0.8649049307122141,-0.3333333333333333,-0.3767123287671233,20000000.0,16.811242881518265
-0.7058823529411765,1.6986786613158549,-2.4516129032258056,-10.700605443553957,0.0,0.9917810788111896,-0.5,-3.218662636235966,-0.6666666666666666,-0.6666666666666666,0.1939111886755861,1.4192325174412053,0.0,-0.5,-0.6666666666666666,-1.3124364199062464,-0.6,-0.6264501160092807,-0.42857142857142855,-0.5714285714285714,2.618712449569436,-0.2857142857142857,-0.6666666666666666,0.0,-1.303497417696075,0.3333333333333333,-0.027521753142120832,-0.3333333333333333,-0.5958904109589042,8000000.0,15.894952224644102
-0.7058823529411765,1.6986786613158549,-2.4516129032258056,-10.700605443553957,0.0,0.9654458704747375,-0.5,-3.218662636235966,-0.6666666666666666,-0.6666666666666666,0.1337987201861544,0.34093717551850994,0.0,-0.5,-0.6666666666666666,-1.7210528643040213,-0.6,-0.6357308584686775,-0.42857142857142855,-0.5714285714285714,2.618712449569436,-1.5714285714285714,-0.6666666666666666,0.0,-1.8676773618218085,1.6666666666666667,-0.8649049307122141,-0.3333333333333333,-0.6095890410958904,18000000.0,16.705882371415992
-0.6470588235294118,-0.9852900746292391,-0.608294930875576,-1.7820331070291087,0.0,0.34247122586465717,-0.5,-0.7614933634559865,-0.6296296296296297,-0.6296296296296297,0.22648826837308453,1.958380188402553,0.0,-0.4,-0.6296296296296297,-0.966382635709981,-0.6,-0.5614849187935035,-0.5714285714285714,-0.5714285714285714,1.058770181160105,-0.14285714285714285,-0.6296296296296297,0.0,-1.2197504373632762,0.16666666666666666,1.2285530132130191,-0.3333333333333333,-0.5273972602739726,5000000.0,15.424948670398354
0.5294117647058824,-0.5225368442938777,0.22119815668202736,-0.6174942809342954,0.0,-1.1485286635911798,0.5,0.3442328092950049,0.37037037037037035,0.37037037037037035,-1.8840411091719924,-0.9604537543881914,0.0,0.3,0.37037037037037035,0.3767881312631715,0.8,0.1902552204176334,0.14285714285714285,0.2857142857142857,-0.9211565441286609,-0.2857142857142857,0.37037037037037035,0.0,0.24982091937244147,0.3333333333333333,-0.7205285207863359,1.0,0.06164383561643835,28000000.0,17.147715103853763
-0.17647058823529413,-0.2695650783772148,-0.23963133640553008,-0.4868739393015753,0.0,0.5037437941028456,0.25,0.0,-0.14814814814814814,-0.14814814814814814,0.9491952685669948,0.4847098877748693,0.0,0.1,-0.14814814814814814,0.045202437633632846,-0.5,-0.060324825986078884,0.0,0.42857142857142855,0.0,0.14285714285714285,-0.14814814814814814,0.0,0.0,-0.16666666666666666,0.2516059727145767,0.6666666666666666,-0.00684931506849315,6000000.0,15.607270193858982
-0.29411764705882354,-0.0004288194559985293,-0.2580645161290324,-5.276259071785873,0.0,-0.960655411126052,-0.25,-0.29463120162779,-0.2962962962962963,-0.25925925925925924,-1.126236183827804,-1.972328899888298,-2.4858757062147108,-0.1,-0.27037037037037037,-0.0783003933857638,-0.2,-0.4408352668213457,0.0,-0.2857142857142857,-2.0268299101990115,0.42857142857142855,-0.2691358024691358,0.0,-0.2787194340645384,-0.6666666666666666,-1.6593453812274306,0.0,-0.5136986301369864,3000000.0,14.914123179965662
-0.6470588235294118,-1.0056449177409277,-0.2764976958525347,-2.28366614441615,0.0,0.33496356768164437,-0.5,-0.31920289435558996,-0.6296296296296297,-0.6296296296296297,0.2862129144851651,3.4489649257662793,-17.401129943502976,-0.5,-0.6407407407407407,-1.0509584316012441,-0.6,-0.5522041763341067,-0.5714285714285714,-0.42857142857142855,1.1873368516334006,-0.5714285714285714,-0.6411522633744856,0.0,-1.338701181407978,0.6666666666666666,2.53388561354287,-0.3333333333333333,-0.5136986301369864,12000000.0,16.300417291085605
0.14705882352941177,0.7073670132986797,-0.7741935483870965,-0.385255132314984,0.0,0.8476975435303469,0.5,0.0,0.48148148148148145,0.48148148148148145,1.5318983905371317,-0.16451376600775353,0.0,-0.1,0.48148148148148145,0.06551465151412994,1.3,0.35730858468677495,1.2857142857142858,0.5714285714285714,0.0,-1.1428571428571428,0.48148148148148145,0.0,0.0,1.1666666666666667,-0.4985497905252983,0.6666666666666666,0.4589041095890411,2000000.0,14.508658238524095
-0.6470588235294118,1.6986786613158562,0.18433179723502272,0.41588674157990896,0.0,-0.2048383299612587,-0.5,0.0,-0.6666666666666666,-0.6296296296296297,-0.07329842931937147,0.1868949838152678,-33.559322033898596,-0.5,-0.6518518518518519,-1.1446892184167243,-0.6,-0.6078886310904872,-0.42857142857142855,-0.5714285714285714,0.0,-0.5714285714285714,-0.6518518518518519,0.0,0.0,0.6666666666666666,0.21173058330647715,-0.3333333333333333,-0.5958904109589042,900000.0,13.710151153416941
0.3235294117647059,0.14480202471606357,-0.7557603686635942,-1.1073515579263293,0.0,1.5554097561964992,0.5,0.0,0.7037037037037037,0.7037037037037037,3.02792321116928,0.4260657551439859,0.0,0.4,0.7037037037037037,0.5127661666906008,1.3,0.7378190255220418,1.7142857142857142,0.7142857142857143,0.0,0.42857142857142855,0.7037037037037037,0.0,0.0,-0.6666666666666666,-0.04955815255186001,1.0,0.952054794520548,3200000.0,14.978661680269907
-0.6176470588235294,-0.09063382931420796,-0.608294930875576,-0.4868739393015753,0.0,0.22210573140147596,-0.5,-0.7614933634559865,-0.5925925925925926,-0.5925925925925926,0.15260810548768644,0.7003689561594081,0.0,-0.5,-0.5925925925925926,-0.9324159282654966,-0.7,-0.54292343387471,-0.42857142857142855,-0.14285714285714285,0.6387857242806704,-0.8571428571428571,-0.5925925925925926,0.0,-1.1341542409212684,1.0,0.2516059727145767,-0.3333333333333333,-0.5136986301369864,3500000.0,15.068273812173887
0.8235294117647058,0.4017260284241016,0.7741935483870963,0.35796414058823633,0.0,-0.753551934676789,0.5,0.0,0.4074074074074074,0.4074074074074074,-1.030637967810738,0.4825315133467429,-0.9943502824858808,1.6,0.39629629629629626,-0.007836871266691765,-0.5,0.6821345707656613,-0.2857142857142857,0.42857142857142855,0.0,0.7142857142857143,0.39753086419753086,0.0,0.0,-1.0,0.7111799051857057,0.3333333333333333,0.6232876712328768,9000000.0,16.012735246411598
0.6176470588235294,0.5555310499629595,0.1474654377880181,0.30819050813335463,0.0,-0.6665017530434943,0.25,0.24594603838380552,0.48148148148148145,0.48148148148148145,-1.0645724258289662,-0.23190722487792198,0.0,0.9,0.48148148148148145,0.4263100565984385,-0.1,0.4965197215777262,0.2857142857142857,1.1428571428571428,-0.3983187508705882,0.2857142857142857,0.48148148148148145,0.0,0.5323910693519812,-0.3333333333333333,-0.10602642603931707,0.0,0.4315068493150685,9000000.0,16.012735246411598
0.38235294117647056,1.6955812748193173,0.20276497695852505,0.4250775609387275,0.0,-0.13119637984332772,0.0,0.0,0.25925925925925924,0.25925925925925924,2.578033880140822e-15,0.5178450050527021,-1.577574967405495,0.3,0.2444444444444445,-0.07501266980770038,0.5,0.45011600928074247,0.8571428571428571,0.2857142857142857,0.0,0.8571428571428571,0.24567901234567902,0.0,0.0,-1.0,0.5481791814373183,-0.3333333333333333,0.4589041095890411,25000000.0,17.034386422832473
-0.14705882352941177,0.2860635371342263,-0.608294930875576,-1.0542034594105147,0.0,0.8954681247876843,0.0,0.0,0.0,0.0,1.591235214271859,0.7949562668543821,0.0,0.1,0.0,0.1640867313040566,0.0,0.09744779582366589,0.7142857142857143,0.2857142857142857,0.0,0.2857142857142857,0.0,0.0,0.0,-0.3333333333333333,0.2369150397747508,0.3333333333333333,0.23972602739726026,18000000.0,16.705882371415992
0.6470588235294118,0.34316503625225186,1.5852534562211973,-1.1355722647389017,0.0,-1.6732886972790082,0.75,0.0,0.07407407407407407,0.07407407407407407,-2.4269924374636336,-0.27523159129445907,0.0,0.9,0.07407407407407407,0.2144257480939117,-0.5,0.2552204176334107,-0.2857142857142857,0.14285714285714285,0.0,-0.42857142857142855,0.07407407407407407,0.0,0.0,0.5,0.5706090879793745,0.6666666666666666,0.04794520547945205,3500000.0,15.068273812173887
-0.7058823529411765,4.489118884306706,-2.4516129032258056,-10.700605443553957,0.0,0.9391106621382844,-0.5,0.0,-0.6666666666666666,-0.6296296296296297,0.0736862516967227,-1.2350329395992758,-36.666666666666984,-0.5,-0.6555555555555556,-1.6484277880059504,-0.6,-0.6450116009280742,-0.2857142857142857,-0.5714285714285714,0.0,1.1428571428571428,-0.6539094650205761,0.0,0.0,-1.3333333333333333,-2.0887726517761966,-0.3333333333333333,-0.6232876712328768,5000000.0,15.424948670398354
0.7352941176470589,0.17090080392553347,0.7004608294930871,0.3700238361080707,0.0,-0.6894274014232256,0.25,0.0,0.37037037037037035,0.37037037037037035,-0.9232111692844632,0.41232258142976863,-1.0714981492304751,0.8,0.3592592592592592,0.37194635550265603,0.2,0.6078886310904872,0.14285714285714285,0.42857142857142855,0.0,0.42857142857142855,0.360082304526749,0.0,0.0,-0.5,0.6202101821211572,0.3333333333333333,0.5547945205479452,1000000.0,13.815511557963774
-0.5882352941176471,-0.9852900746292391,1.2350230414746537,0.19556087145503054,0.0,-0.4911850854370444,-0.5,0.0,-0.6296296296296297,-0.6296296296296297,-0.16172193135543872,0.8800848464798576,0.0,-0.4,-0.6296296296296297,-1.0448669899688316,-0.6,-0.5614849187935035,-0.5714285714285714,-0.5714285714285714,0.0,-0.7142857142857143,-0.6296296296296297,0.0,0.0,0.8333333333333334,1.2285530132130191,-0.3333333333333333,-0.5547945205479452,1500000.0,14.220976332738882
-0.23529411764705882,-0.662152280239628,1.069124423963133,-2.1468906927039035,0.0,-0.9955198288721174,0.0,0.0,-0.4074074074074074,-0.37037037037037035,-0.9598603839441515,-0.9684214539590489,-7.871939736346579,-0.2,-0.3925925925925926,-0.24829714275804352,-0.3,-0.3851508120649652,-0.42857142857142855,-0.42857142857142855,0.0,0.14285714285714285,-0.39382716049382716,0.0,0.0,-0.3333333333333333,-0.3864002578150182,0.3333333333333333,-0.4452054794520548,25000000.0,17.034386422832473
1.1764705882352942,-0.4201961844767336,1.1612903225806446,0.3700238361080707,0.0,-0.8633194192109598,1.0,0.0,0.5185185185185185,0.5185185185185185,-1.1279813845258817,0.5684673852820143,-1.167608286252362,1.6,0.5074074074074075,0.3159408159060161,0.0,0.9048723897911833,0.42857142857142855,0.14285714285714285,0.0,-0.7142857142857143,0.505761316872428,0.0,0.0,0.8333333333333334,0.9507056897685074,1.6666666666666667,0.7876712328767124,10000000.0,16.118095750958314
-0.2647058823529412,0.600691451156498,-1.1981566820276495,0.4319347073869935,-1.6400800934423512,0.09511905584880043,0.0,-1.316857775386593,0.1111111111111111,0.1111111111111111,-0.055264688772541114,-1.4235461112640826,0.0,-0.5,0.1111111111111111,-0.44983861268420133,1.1,-0.2459396751740139,1.2857142857142858,0.0,-0.7639876305180323,-1.4285714285714286,0.1111111111111111,1.0,-0.14554419753699227,1.6666666666666667,-1.664225236574576,0.0,-0.23972602739726026,16000000.0,16.588099342704055
0.029411764705882353,-0.41834274840219926,0.07373271889400926,-0.8019307525471273,0.0,0.7622640038797692,0.75,0.0,0.0,0.0,1.6125654450261735,1.1940939295672368,-4.644662503716968,0.1,-0.029629629629629655,0.14275810175105777,0.2,0.1902552204176334,0.0,0.0,0.0,0.14285714285714285,-0.029218106995884775,0.0,0.0,-0.3333333333333333,0.8558714891296257,1.3333333333333333,0.2945205479452055,2000000.0,14.508658238524095
0.8529411764705882,0.25831799702495306,0.4239631336405528,0.06216519056160338,0.0,-1.0632953989523886,0.25,0.0,0.5555555555555556,0.5555555555555556,-1.7607135931743205,-0.26163963320299605,0.0,0.7,0.5555555555555556,0.45680913980643667,0.7,0.5986078886310905,0.42857142857142855,0.5714285714285714,0.0,0.0,0.5555555555555556,0.0,0.0,-0.16666666666666666,-0.027521753142120832,0.3333333333333333,0.4863013698630137,3500000.0,15.068273812173887
0.058823529411764705,-0.05979046941489982,1.9539170506912436,0.41588674157990896,0.0,-0.6570563332406287,0.25,0.0,-0.2962962962962963,-0.25925925925925924,-0.3676556137289101,1.5577291668624687,-10.564971751412521,0.3,-0.3,-0.11687872695273041,-0.5,0.004640371229698376,-0.42857142857142855,-0.42857142857142855,0.0,-0.2857142857142857,-0.3012345679012346,0.0,0.0,0.3333333333333333,2.1542839572239934,0.3333333333333333,-0.03424657534246575,7500000.0,15.830413711839864
-0.5588235294117647,-0.9852900746292391,0.6267281105990778,-15.843325856357453,-1.6400800934423512,-1.1984096719875468,-0.5,1.4519463602617568,-0.5925925925925926,-0.5925925925925926,-0.5949195268566981,-2.1750852889677796,0.0,-0.4,-0.5925925925925926,-0.7632598527714858,-0.5,-0.5986078886310905,-0.5714285714285714,-0.5714285714285714,-3.79871875936271,0.5714285714285714,-0.5925925925925926,1.0,-1.0455502157777368,-0.6666666666666666,-1.4231603824256098,-0.3333333333333333,-0.6232876712328768,150000.0,11.918397239722838
-0.5588235294117647,-0.9852900746292391,0.6267281105990778,-15.843325856357453,-1.6400800934423512,-1.1984096719875468,-0.5,1.4519463602617568,-0.5925925925925926,-0.5925925925925926,-0.5949195268566981,-2.1750852889677796,0.0,-0.4,-0.5925925925925926,-0.7632598527714858,-0.5,-0.5986078886310905,-0.5714285714285714,-0.5714285714285714,-3.79871875936271,0.5714285714285714,-0.5925925925925926,1.0,-1.0455502157777368,-0.6666666666666666,-1.4231603824256098,-0.3333333333333333,-0.6232876712328768,500000.0,13.122365377402328
-0.6470588235294118,-0.9852900746292391,-0.608294930875576,-0.13159556717623058,-1.6400800934423512,0.14151489675483306,-0.5,-0.421890782045712,-0.6296296296296297,-0.6296296296296297,0.04653868528214071,0.34093717551850994,0.0,-0.5,-0.6296296296296297,-1.0971898928080652,-0.6,-0.5893271461716937,-0.5714285714285714,-0.42857142857142855,-0.30463626858372655,0.7142857142857143,-0.6296296296296297,0.0,-1.485570376606157,-0.8333333333333334,-0.027521753142120832,-0.3333333333333333,-0.5684931506849316,400000.0,12.899222326086994
-0.35294117647058826,0.021198201350171156,0.1474654377880181,-0.3270595240940944,0.0,0.2598876229936519,-0.25,0.0,-0.4074074074074074,-0.37037037037037035,0.5867752569323231,1.546090792961522,-6.214689265536777,-0.3,-0.3888888888888889,-0.7416774490304326,-0.2,-0.23665893271461716,-0.14285714285714285,-0.42857142857142855,0.0,1.0,-0.3888888888888889,0.0,0.0,-1.1666666666666667,1.1546662622509523,0.0,-0.17123287671232876,2500000.0,14.731801689838349
-0.35294117647058826,-0.3142978906429656,0.3133640552995389,-1.0032077027874262,-1.6400800934423512,-0.6721525666580754,-0.5,0.9764951450494138,-0.4074074074074074,-0.4074074074074074,-0.6926507659491931,-0.7373581664041854,0.0,-0.4,-0.4074074074074074,-0.9331609308361051,-0.3,-0.4037122969837587,-0.2857142857142857,-0.14285714285714285,-1.6525689536040666,1.0,-0.4074074074074074,1.0,-1.0828493967521449,-1.3333333333333333,-0.4462133419271675,-0.3333333333333333,-0.4315068493150685,3000000.0,14.914123179965662
-0.35294117647058826,-0.3142978906429656,0.3133640552995389,-1.0032077027874262,-1.6400800934423512,-0.6721525666580754,-0.5,0.9764951450494138,-0.4074074074074074,-0.4074074074074074,-0.6926507659491931,-0.7373581664041854,0.0,-0.4,-0.4074074074074074,-0.9331609308361051,-0.3,-0.4037122969837587,-0.2857142857142857,-0.14285714285714285,-1.6525689536040666,1.0,-0.4074074074074074,1.0,-1.0828493967521449,-1.3333333333333333,-0.4462133419271675,-0.3333333333333333,-0.4315068493150685,2500000.0,14.731801689838349
0.4411764705882353,1.8913308975663294,-0.2764976958525347,0.2658894171636042,0.0,0.3170420336472653,0.75,0.0,0.5185185185185185,0.5185185185185185,0.7126236183827824,0.14488347698711096,-0.03766478342749669,1.3,0.5185185185185185,0.44162119341194117,0.1,0.5893271461716937,0.7142857142857143,0.42857142857142855,0.0,-0.14285714285714285,0.5181069958847737,0.0,0.0,0.0,0.048603990273342126,0.0,0.6232876712328768,1500000.0,14.220976332738882
0.8823529411764706,0.2518765117523641,0.6635944700460825,0.24667273850597435,-2.631236442516272,-0.8601785208554148,2.0,1.9386422486623502,0.48148148148148145,0.48148148148148145,-1.2627496606554178,-0.4003908720533431,0.0,0.8,0.48148148148148145,0.30604492157033597,0.7,0.5243619489559165,0.8571428571428571,0.14285714285714285,-1.5286125935701647,-0.7142857142857143,0.48148148148148145,0.0,0.23825326902367225,0.8333333333333334,-0.027521753142120832,2.3333333333333335,0.363013698630137,2000000.0,14.508658238524095
-0.5,-0.29173056458435404,0.33179723502304126,-0.13159556717623058,-2.631236442516272,0.0717255327596716,-0.5,1.389343503525251,-0.5555555555555556,-0.5185185185185185,0.27923211169284423,2.0287037976583817,-8.203389830508538,-0.4,-0.5333333333333333,-0.5451699925014348,-0.6,-0.4037122969837587,-0.42857142857142855,-0.2857142857142857,-0.776361877391686,-0.5714285714285714,-0.5320987654320988,0.0,-0.7165422805420969,0.6666666666666666,1.720060530482422,-0.3333333333333333,-0.363013698630137,2000000.0,14.508658238524095
-0.6176470588235294,1.1789546010314134,0.3133640552995389,-0.6842735352004536,-2.631236442516272,0.04994015642476587,0.0,1.3588269065731908,-0.6296296296296297,-0.6296296296296297,0.10703897614892363,-0.19821049544283775,0.0,-0.4,-0.6296296296296297,-1.0971898928080652,-0.7,-0.580046403712297,-0.42857142857142855,-0.42857142857142855,-0.5831231613091405,0.7142857142857143,-0.6296296296296297,0.0,-1.357536021054626,-0.8333333333333334,0.3911698356429258,0.0,-0.5821917808219178,650000.0,13.384729180332174
0.029411764705882353,-0.5334873959428608,-0.46082949308755744,0.43656278511865937,0.0,-0.1471070932927943,-0.25,0.0,0.18518518518518517,0.18518518518518517,-0.2474306767500481,-0.6165147229128491,-3.573446327683647,-0.4,0.15555555555555553,0.2652614536763997,1.1,0.02320185614849188,0.0,0.14285714285714285,0.0,0.42857142857142855,0.15679012345679014,0.0,0.0,-0.5,-0.7060908797937481,0.0,0.02054794520547945,4000000.0,15.201805169084134
0.7941176470588235,-0.41596337306512815,0.4055299539170505,-0.007242183187806299,0.0,0.7228278789187819,0.5,0.0,0.5185185185185185,0.5185185185185185,1.8289703315881296,1.5172593667069048,0.0,1.2,0.5185185185185185,0.2405746900793189,0.3,1.062645011600928,0.42857142857142855,0.2857142857142857,0.0,0.5714285714285714,0.5185185185185185,0.0,0.0,-0.8333333333333334,1.342741628336214,0.6666666666666666,1.1986301369863013,1000000.0,13.815511557963774
-0.5294117647058824,-0.9852900746292391,1.2350230414746537,-0.5723152736323388,-2.631236442516272,-0.03956344719806652,-0.25,2.8846567541762425,-0.5925925925925926,-0.5925925925925926,0.30754314523947984,2.8569596400047987,0.0,-0.4,-0.5925925925925926,-0.9324159282654966,-0.6,-0.4593967517401392,-0.5714285714285714,-0.42857142857142855,-0.6176300748953096,-0.8571428571428571,-0.5925925925925926,0.0,-1.3297150628173808,1.0,2.7637555054248564,0.0,-0.4315068493150685,20000000.0,16.811242881518265
-0.47058823529411764,-0.9852900746292391,0.49769585253456206,-0.4868739393015753,0.0,0.10731395635427689,0.0,0.0,-0.5185185185185185,-0.5185185185185185,0.35175489625751355,0.9879143806721272,0.0,-0.1,-0.5185185185185185,-0.5069300627289947,-0.6,-0.4222737819025522,-0.5714285714285714,-0.5714285714285714,0.0,0.0,-0.5185185185185185,0.0,0.0,-0.16666666666666666,0.9773380599419913,0.3333333333333333,-0.4041095890410959,25000000.0,17.034386422832473
-0.14705882352941177,0.14480202471606357,-0.608294930875576,0.3085761559330097,-2.631236442516272,0.1645335678865921,-0.25,-0.1670029410298617,0.0,0.0,0.24665503199534713,-0.39684384790228155,0.0,-0.2,0.0,0.1640867313040566,0.4,-0.07888631090487239,0.5714285714285714,0.14285714285714285,-1.0248116552121,0.2857142857142857,0.0,0.0,0.31020560433573935,-0.3333333333333333,-0.6004681377953425,0.0,-0.04794520547945205,1000000.0,13.815511557963774
0.7058823529411765,0.25602155803413673,0.3133640552995389,0.0492779989812137,-2.631236442516272,0.5795666817563159,1.0,1.3588269065731908,0.48148148148148145,0.48148148148148145,1.4799301919720744,1.082265223090363,0.0,0.8,0.48148148148148145,0.4263100565984385,0.4,0.8584686774941995,0.7142857142857143,0.5714285714285714,-0.8591784699984911,-0.5714285714285714,0.48148148148148145,0.0,0.7876268670345916,0.5,0.9145343216242341,1.3333333333333333,0.9657534246575342,6500000.0,15.687312888712007
0.058823529411764705,-0.5439280266768731,0.3133640552995389,0.42989012825431333,-2.631236442516272,-0.1753804880105254,0.75,1.3588269065731908,-0.037037037037037035,-0.037037037037037035,-0.04653868528214071,-0.04328300378727796,-3.935969868173298,0.2,-0.05925925925925931,0.007836871266691765,-0.2,-0.004640371229698376,-0.14285714285714285,0.2857142857142857,-1.1904448404257113,-0.8571428571428571,-0.06049382716049383,0.0,-0.048771494861516114,0.8333333333333334,0.03985390482328917,1.0,-0.02054794520547945,2000000.0,14.508658238524095
0.35294117647058826,0.5724844852293839,-0.11059907834101389,-0.007951313598740491,0.0,-0.7707377819234488,0.0,0.0,0.37037037037037035,0.37037037037037035,-1.2953267403529145,-0.6840149339415786,-2.8716150399376827,0.8,0.3444444444444445,-0.6228525826098912,0.2,0.1902552204176334,0.5714285714285714,0.42857142857142855,0.0,1.2857142857142858,0.342798353909465,0.0,0.0,-1.5,-0.6548193985303179,0.0,0.14383561643835616,18000000.0,16.705882371415992
0.6764705882352942,0.8658346402446724,0.09216589861751116,0.4336561421882383,-2.631236442516272,-0.3472041300402846,1.0,0.992627743148458,0.5555555555555556,0.5555555555555556,-0.46538685282140413,-0.13478135768267943,0.0,0.4,0.5555555555555556,0.45680913980643667,1.3,0.5893271461716937,0.14285714285714285,0.14285714285714285,-1.30086696390145,-0.5714285714285714,0.5555555555555556,0.0,0.6300627319990156,0.6666666666666666,-0.052150670129476426,0.6666666666666666,0.541095890410959,3000000.0,14.914123179965662
-0.29411764705882354,0.2672286688118051,-0.737327188940092,-1.6874805783338738,0.0,0.8144697315539641,0.5,0.0,-0.14814814814814814,-0.14814814814814814,1.2623618382780655,-0.018494605122388676,0.0,-0.2,-0.14814814814814814,0.045202437633632846,-0.1,-0.16241299303944315,0.42857142857142855,0.2857142857142857,0.0,-0.2857142857142857,-0.14814814814814814,0.0,0.0,0.3333333333333333,-0.3624750241701581,1.0,-0.10273972602739725,9000000.0,16.012735246411598
-0.6470588235294118,-0.9852900746292391,1.2350230414746537,-0.13159556717623058,0.0,-0.21560327113020863,-0.25,0.0,-0.6666666666666666,-0.6666666666666666,0.0,-0.7373581664041854,0.0,-0.4,-0.6666666666666666,-1.5394455556827884,-0.7,-0.6264501160092807,-0.5714285714285714,-0.5714285714285714,0.0,0.8571428571428571,-0.6666666666666666,0.0,0.0,-1.0,-0.027521753142120832,0.0,-0.6232876712328768,500000.0,13.122365377402328
,,,,,,,,,,,,,,,,,,,,,,,,,,,,,500000.0,13.122365377402328
,,,,,,,,,,,,,,,,,,,,,,,,,,,,,14000000.0,16.454567959008102
,,,,,,,,,,,,,,,,,,,,,,,,,,,,,40000000.0,17.50439003707821
,,,,,,,,,,,,,,,,,,,,,,,,,,,,,800000.0,13.592368256649284
,,,,,,,,,,,,,,,,,,,,,,,,,,,,,1200000.0,13.997832948091215
,,,,,,,,,,,,,,,,,,,,,,,,,,,,,700000.0,13.45883704259595
,,,,,,,,,,,,,,,,,,,,,,,,,,,,,1500000.0,14.220976332738882
,,,,,,,,,,,,,,,,,,,,,,,,,,,,,4000000.0,15.201805169084134
,,,,,,,,,,,,,,,,,,,,,,,,,,,,,4000000.0,15.201805169084134
,,,,,,,,,,,,,,,,,,,,,,,,,,,,,5000000.0,15.424948670398354
,,,,,,,,,,,,,,,,,,,,,,,,,,,,,12000000.0,16.300417291085605
,,,,,,,,,,,,,,,,,,,,,,,,,,,,,2500000.0,14.731801689838349
,,,,,,,,,,,,,,,,,,,,,,,,,,,,,3000000.0,14.914123179965662
,,,,,,,,,,,,,,,,,,,,,,,,,,,,,3000000.0,14.914123179965662
,,,,,,,,,,,,,,,,,,,,,,,,,,,,,750000.0,13.527829818844937
,,,,,,,,,,,,,,,,,,,,,,,,,,,,,400000.0,12.899222326086994
,,,,,,,,,,,,,,,,,,,,,,,,,,,,,2500000.0,14.731801689838349
,,,,,,,,,,,,,,,,,,,,,,,,,,,,,2500000.0,14.731801689838349
,,,,,,,,,,,,,,,,,,,,,,,,,,,,,12000000.0,16.300417291085605
,,,,,,,,,,,,,,,,,,,,,,,,,,,,,12000000.0,16.300417291085605
,,,,,,,,,,,,,,,,,,,,,,,,,,,,,3500000.0,15.068273812173887
,,,,,,,,,,,,,,,,,,,,,,,,,,,,,4000000.0,15.201805169084134
,,,,,,,,,,,,,,,,,,,,,,,,,,,,,4500000.0,15.319588176962746
,,,,,,,,,,,,,,,,,,,,,,,,,,,,,3000000.0,14.914123179965662
,,,,,,,,,,,,,,,,,,,,,,,,,,,,,600000.0,13.304686600863562
,,,,,,,,,,,,,,,,,,,,,,,,,,,,,30000000.0,17.216707972959764
,,,,,,,,,,,,,,,,,,,,,,,,,,,,,500000.0,13.122365377402328
,,,,,,,,,,,,,,,,,,,,,,,,,,,,,300000.0,12.611541086966115
,,,,,,,,,,,,,,,,,,,,,,,,,,,,,1200000.0,13.997832948091215
,,,,,,,,,,,,,,,,,,,,,,,,,,,,,12000000.0,16.300417291085605
,,,,,,,,,,,,,,,,,,,,,,,,,,,,,40000000.0,17.50439003707821
,,,,,,,,,,,,,,,,,,,,,,,,,,,,,7000000.0,15.76142084987672
,,,,,,,,,,,,,,,,,,,,,,,,,,,,,600000.0,13.304686600863562
,,,,,,,,,,,,,,,,,,,,,,,,,,,,,300000.0,12.611541086966115
,,,,,,,,,,,,,,,,,,,,,,,,,,,,,1200000.0,13.997832948091215
,,,,,,,,,,,,,,,,,,,,,,,,,,,,,5000000.0,15.424948670398354
,,,,,,,,,,,,,,,,,,,,,,,,,,,,,1000000.0,13.815511557963774
,,,,,,,,,,,,,,,,,,,,,,,,,,,,,1200000.0,13.997832948091215
,,,,,,,,,,,,,,,,,,,,,,,,,,,,,10000000.0,16.118095750958314
,,,,,,,,,,,,,,,,,,,,,,,,,,,,,20000000.0,16.811242881518265
,,,,,,,,,,,,,,,,,,,,,,,,,,,,,8000000.0,15.894952224644102
,,,,,,,,,,,,,,,,,,,,,,,,,,,,,12000000.0,16.300417291085605
,,,,,,,,,,,,,,,,,,,,,,,,,,,,,12000000.0,16.300417291085605
,,,,,,,,,,,,,,,,,,,,,,,,,,,,,3000000.0,14.914123179965662
,,,,,,,,,,,,,,,,,,,,,,,,,,,,,300000.0,12.611541086966115
0.9117647058823529,-0.47846284394384814,0.33179723502304126,0.10201262277959113,1.6507592190889404,0.6590652423991346,-0.25,0.08758265676832548,0.6666666666666666,0.6666666666666666,1.6854760519682004,1.5495759104208724,-1.8476103221866065,0.8,0.6444444444444444,0.49097052744500413,0.9,1.2204176334106729,0.42857142857142855,0.5714285714285714,1.107689662151815,-0.42857142857142855,0.6440329218106996,0.0,0.9264144427318557,0.5,1.2929671037953345,0.0,1.404109589041096,,
-0.20588235294117646,-0.9852900746292391,2.0276497695852527,-0.08396571175061991,1.6507592190889404,-0.8717163154367538,0.0,2.1019837624398154,-0.4444444444444444,-0.4444444444444444,-0.6137289121582297,0.6490215589249942,0.0,0.1,-0.4444444444444444,-0.33791922839618954,-0.7,-0.30162412993039445,-0.5714285714285714,-0.42857142857142855,-0.03692960313263993,-0.42857142857142855,-0.4444444444444444,0.0,-0.6536561571951462,0.5,1.2883660973251685,0.3333333333333333,-0.3356164383561644,,
-0.38235294117647056,-0.5379619519717238,0.9216589861751149,0.36411416685664366,1.6507592190889404,-0.4399896528116928,-0.5,0.7882439109149302,-0.48148148148148145,-0.48148148148148145,-0.2575140585611786,1.2395166271207563,0.0,0.0,-0.48148148148148145,-0.8904374585641489,-0.6,-0.3665893271461717,-0.42857142857142855,-0.5714285714285714,0.35743501767965064,1.0,-0.48148148148148145,1.0,-0.9127104895357211,-1.1666666666666667,1.08898915028467,-0.3333333333333333,-0.3356164383561644,,
0.6176470588235294,0.416313058621623,-0.11059907834101389,0.42989012825431333,1.6507592190889404,-0.09793267552655358,0.0,-0.43791328384162825,0.6666666666666666,0.6666666666666666,-0.04653868528214071,0.022004750442783085,-4.568636433043254,0.5,0.6111111111111112,0.47837111383341774,1.1,0.654292343387471,0.5714285714285714,0.7142857142857143,0.6844690934752089,-0.5714285714285714,0.6106995884773663,0.0,0.7782592805981065,0.5,-0.027521753142120832,0.0,0.6643835616438356,,
-0.17647058823529413,-0.30862522944790527,0.258064516129032,0.4394812798700585,1.6507592190889404,-0.22571365494356949,0.0,0.0,-0.25925925925925924,-0.2222222222222222,-0.14349427961993277,0.022751664787222906,-6.6927422859626855,-0.2,-0.2518518518518519,-0.05777575761509222,-0.2,-0.19953596287703015,-0.14285714285714285,0.0,0.5882826005941633,-0.5714285714285714,-0.25102880658436216,1.0,0.2982301918398639,0.5,0.054843805307397006,0.3333333333333333,-0.19863013698630136,,
0.3235294117647059,0.6038184433288928,-0.14746543778801852,0.28368239573512133,1.6507592190889404,0.23253638532912374,0.0,-0.4817046122257908,0.3333333333333333,0.3333333333333333,0.5817335660267614,0.4179582713701317,0.0,0.4,0.3333333333333333,0.3591352979771102,0.6,0.45011600928074247,0.5714285714285714,0.2857142857142857,0.9441726242540359,-0.5714285714285714,0.3333333333333333,0.0,0.7190499090814346,0.6666666666666666,0.21173058330647715,0.0,0.5273972602739726,,
-0.6470588235294118,1.720305682122024,-0.16589861751152082,-3.3880192191838674,1.6507592190889404,-0.49361387126394446,-0.5,-0.5036002764178716,-0.6666666666666666,-0.6296296296296297,-0.1939111886755861,-0.8721450841445224,-21.75141242937872,-0.4,-0.6444444444444444,-1.3253264448683477,-0.7,-0.6264501160092807,-0.42857142857142855,-0.5714285714285714,-1.1430742712646735,0.7142857142857143,-0.6440329218106996,0.0,-1.6826771541592223,-1.0,-1.2835965194972607,-0.3333333333333333,-0.6095890410958904,,
0.7058823529411765,0.5516122874041761,0.6082949308755755,0.1503805244636539,1.6507592190889404,-0.9099051284738704,1.25,0.4160176196495466,0.37037037037037035,0.37037037037037035,-1.3624200116346667,-0.32834958843350776,-0.04285992596921123,0.8,0.37037037037037035,0.37659535198839295,0.4,0.4222737819025522,0.42857142857142855,0.14285714285714285,0.1265874347651392,-0.42857142857142855,0.3699588477366255,0.0,0.4331356910331457,0.5,0.0013535288430546718,1.3333333333333333,0.2945205479452055,,
1.0,-0.46340726486213757,0.5161290322580644,0.3700238361080707,1.6507592190889404,-0.67257499189502,1.75,0.3065392986891398,0.6296296296296297,0.6296296296296297,-0.9616055846422294,-0.2880684406030625,0.0,0.4,0.6296296296296297,-0.12464892143511637,0.7,0.6635730858468677,0.42857142857142855,1.2857142857142858,0.3670536669677562,0.8571428571428571,0.6296296296296297,0.0,-0.2679132051518159,-1.1666666666666667,-0.05078239696351223,2.6666666666666665,0.541095890410959,,
0.4411764705882353,0.5079624170451398,-0.20276497695852544,-0.1650322609501273,-1.0,0.7307656080443866,1.5,0.01877401372370023,0.48148148148148145,0.48148148148148145,1.5524529765367439,0.23984698721325726,0.0,0.5,0.48148148148148145,0.4263100565984385,0.3,0.5707656612529002,0.5714285714285714,1.1428571428571428,0.01587306377417862,0.0,0.48148148148148145,0.0,0.8817333628457134,0.0,0.10331936835320625,1.6666666666666667,0.6232876712328768,,
0.14705882352941177,-0.0011682047827051446,-0.6635944700460829,-0.13159556717623058,-1.0,0.640941946687981,0.25,-0.6446351358581986,0.4074074074074074,0.4074074074074074,1.1634671320535177,-0.16226731737874803,0.0,-0.1,0.4074074074074074,0.3938426722114664,1.3,0.30162412993039445,1.0,0.2857142857142857,0.0,-0.5714285714285714,0.4074074074074074,1.0,1.1158495222871987,0.6666666666666666,-0.47412611451283715,0.6666666666666666,0.3904109589041096,,
-0.23529411764705882,0.021198201350169966,1.1059907834101377,-0.1490086319644987,-1.0,-0.7036539358234332,0.0,1.902855998536293,-0.4074074074074074,-0.37037037037037035,-0.5980221058755073,-0.29564682152019,-8.700564971751488,0.0,-0.39629629629629626,-0.2523178056145601,-0.5,-0.3294663573085847,-0.14285714285714285,-0.42857142857142855,-1.1031779323054172,0.2857142857142857,-0.3962962962962963,0.0,-0.46608436256201724,-0.3333333333333333,0.2549689573634526,0.3333333333333333,-0.3767123287671233,,
0.8235294117647058,-0.40497251010057067,0.1474654377880181,-0.18210179863973242,-1.0,0.9421292292034947,1.25,0.5229649674059423,0.6666666666666666,0.6666666666666666,2.1768470040721315,0.9237995225037505,0.0,0.5,0.6666666666666666,0.49934933942258614,0.5,1.025522041763341,0.5714285714285714,1.5714285714285714,0.023809595661267932,-0.42857142857142855,0.6666666666666666,0.0,0.9649141112076808,0.5,0.7419654911114787,2.0,1.143835616438356,,
-0.5,0.5484063459108139,-0.608294930875576,0.3236113322054889,-1.0,-0.14681315838684544,-0.5,-0.5650260379083707,-0.4444444444444444,-0.4444444444444444,-0.2016676362226093,-0.891400358107428,0.0,-0.4,-0.4444444444444444,-0.33791922839618954,-0.1,-0.4779582366589327,0.0,-0.5714285714285714,-0.7936531887089334,0.42857142857142855,-0.4444444444444444,1.0,-0.048667423621113697,-0.5,-0.9845310989365131,-0.3333333333333333,-0.4726027397260274,,
0.17647058823529413,0.13303023201454967,-0.9216589861751151,-0.754186149019708,-1.0,1.0949494698499547,0.75,-1.0161442596240617,0.6296296296296297,0.6296296296296297,1.9650959860383888,-0.31802108898980397,0.0,0.1,0.6296296296296297,0.4855649943713334,1.3,0.39443155452436196,1.5714285714285714,0.8571428571428571,0.24603248849976864,-0.42857142857142855,0.6296296296296297,0.0,1.0299738497311297,0.5,-0.7253410677838653,1.3333333333333333,0.5273972602739726,,
-0.29411764705882354,1.1150505835089113,-1.2165898617511517,-0.9761595705813602,-1.0,0.8103983932974346,0.0,-1.440726115356477,0.07407407407407407,0.07407407407407407,1.1557106845064942,-0.4806211802321151,0.0,-0.2,0.07407407407407407,0.2144257480939117,0.3,-0.08816705336426914,0.8571428571428571,0.5714285714285714,0.3174612754835736,0.14285714285714285,0.07407407407407407,0.0,0.6626347672097512,-0.16666666666666666,-0.9047803201203133,0.0,-0.00684931506849315,,
-0.4411764705882353,-0.6544077470747527,-0.23963133640553008,0.19556087145503054,-1.0,-0.27226304710466176,-0.25,-0.03429871824285172,-0.4074074074074074,-0.4074074074074074,-0.2769051774287367,-1.0249035909169042,-7.146892655367294,-0.4,-0.42592592592592593,-0.3039967224462186,0.0,-0.4593967517401392,-0.42857142857142855,-0.5714285714285714,-0.9047646351281837,-0.5714285714285714,-0.42633744855967076,1.0,-0.13206208039470135,0.6666666666666666,-0.9207304758835538,0.0,-0.4726027397260274,,
-0.5588235294117647,-0.9852900746292391,-0.14746543778801852,-1.7518352593451225,-1.0,-0.48710121671848244,-0.5,0.09838311167352815,-0.5555555555555556,-0.5555555555555556,-0.35582703121970033,-1.2765058373655331,0.0,-0.4,-0.5555555555555556,-0.6189482334997548,-0.6,-0.5614849187935035,-0.5714285714285714,-0.2857142857142857,-1.6269890368533129,0.42857142857142855,-0.5555555555555556,0.0,-0.9884666456849222,-0.5,-1.0742507251047375,-0.3333333333333333,-0.5684931506849316,,
-0.6764705882352942,1.708290670563042,-1.9354838709677413,-3.9347389914362405,0.0,0.6933989207449335,-0.5,-2.5306552398575715,-0.5925925925925926,-0.5555555555555556,0.24044987395772682,-0.7972634631776685,-10.87570621468936,-0.5,-0.5703703703703704,-0.9614957674165393,-0.4,-0.5893271461716937,-0.14285714285714285,-0.5714285714285714,1.547323528958632,0.7142857142857143,-0.5699588477366255,0.0,-0.9040354990342473,-1.0,-1.5162029577111755,-0.3333333333333333,-0.5547945205479452,,
0.29411764705882354,0.04093326558506148,-0.608294930875576,-0.1650322609501273,0.0,0.7837779576642405,0.0,-0.7614933634559865,0.5555555555555556,0.5555555555555556,1.5043630017451985,0.18236433111811365,0.0,0.3,0.5555555555555556,0.45680913980643667,1.2,0.5336426914153132,1.2857142857142858,0.42857142857142855,0.493076831077601,0.5714285714285714,0.5555555555555556,0.0,0.9207454676741101,-0.6666666666666666,-0.19992417205361038,0.3333333333333333,0.678082191780822,,
0.23529411764705882,0.15336332849898218,-0.6635944700460829,0.0492779989812137,0.0,0.5092930897369038,0.75,-0.8352084416393855,0.5185185185185185,0.5185185185185185,0.9121582315299579,-0.5739800842946863,0.0,-0.1,0.5185185185185185,0.4417906094346334,0.9,0.2923433874709977,1.4285714285714286,1.2857142857142858,0.3730812719691897,0.14285714285714285,0.5185185185185185,1.0,1.1789220171663055,-0.16666666666666666,-0.7634039394915968,1.3333333333333333,0.3219178082191781,,
0.5294117647058824,1.5174762590816697,-0.350230414746544,-0.6164125755106998,0.0,1.3477162861282155,1.25,-0.4174896652667889,0.6666666666666666,0.6666666666666666,2.8049253441923554,0.8655132878052265,0.0,0.8,0.6666666666666666,0.49934933942258614,0.3,0.9419953596287703,0.8571428571428571,1.4285714285714286,0.690212392469988,0.14285714285714285,0.6666666666666666,0.0,1.247538616796867,-0.16666666666666666,0.5382776911619961,0.6666666666666666,1.1164383561643836,,
1.1764705882352942,0.4134040811291473,0.8294930875576033,-0.08396571175061991,0.0,-1.4301554701147938,0.5,1.1550986693123981,0.6296296296296297,0.6296296296296297,-2.3880162885398417,0.011458043264353233,0.0,1.5,0.6296296296296297,0.4855649943713334,0.2,0.8306264501160093,0.5714285714285714,0.42857142857142855,-0.6811654259118408,0.0,0.6296296296296297,0.0,0.39758701777442285,0.0,0.3679091918215344,0.3333333333333333,0.678082191780822,,
0.47058823529411764,-0.5558550768780249,0.49769585253456206,0.43184102527010443,0.0,-0.3984443749959519,0.75,0.7128082002120025,0.2222222222222222,0.2222222222222222,-0.4091526081054871,0.25467354816469423,0.0,1.0,0.2222222222222222,0.30212655838021424,-0.1,0.35730858468677495,0.0,0.0,-0.18404096674842862,0.42857142857142855,0.2222222222222222,0.0,0.3459726512401434,-0.6666666666666666,0.30743151788591677,1.0,0.3493150684931507,,
-0.6176470588235294,-0.9852900746292391,3.0783410138248835,-1.0032077027874262,0.0,-0.9649512357955795,-0.5,4.152845182103973,-0.6666666666666666,-0.6666666666666666,-0.2080667054489038,1.4192325174412053,0.0,-0.4,-0.6666666666666666,-1.3124364199062464,-0.7,-0.5986078886310905,-0.5714285714285714,-0.5714285714285714,-1.0582943259668436,-0.5714285714285714,-0.6666666666666666,0.0,-2.041258923816457,0.5,2.484627779568159,-0.3333333333333333,-0.5958904109589042,,
-0.6176470588235294,0.6250911669378175,-1.345622119815668,-1.6255269971227135,0.0,0.5157568967185157,-0.5,-1.744361072567978,-0.5185185185185185,-0.5185185185185185,0.33507853403141274,-0.09038096125056812,0.0,-0.5,-0.5185185185185185,-0.5069300627289947,-0.5,-0.5150812064965197,-0.14285714285714285,-0.14285714285714285,1.0159146243356718,-0.5714285714285714,-0.5185185185185185,1.0,-0.07521475899927098,0.5,-0.6974282951981953,-0.3333333333333333,-0.4726027397260274,,
-0.6764705882352942,-0.9852900746292391,-0.608294930875576,-0.13159556717623058,0.0,0.1211263483653211,-0.5,-0.7614933634559865,-0.6666666666666666,-0.6666666666666666,0.0,0.34093717551850994,0.0,-0.5,-0.6666666666666666,-1.3124364199062464,-0.7,-0.6264501160092807,-0.5714285714285714,-0.42857142857142855,0.47593460834782725,0.0,-0.6666666666666666,0.0,-1.7507839944664831,0.0,-0.027521753142120832,-0.3333333333333333,-0.6095890410958904,,
-0.029411764705882353,-0.7788309410950013,0.811059907834101,0.43911353238619727,0.0,-0.33838289715113573,0.75,1.130526976584599,-0.2222222222222222,-0.2222222222222222,-0.16598797750630065,-0.15673759767658038,0.0,0.2,-0.2222222222222222,-0.026755798774385275,-0.4,-0.14385150812064965,-0.42857142857142855,-0.14285714285714285,-0.1326142985591087,0.0,-0.2222222222222222,0.0,-0.10419908898883158,0.0,0.2301346091871392,1.3333333333333333,-0.19863013698630136,,
0.8529411764705882,-0.5311092430379711,0.258064516129032,0.4394812798700585,0.0,-0.31066593989986774,0.75,0.0,0.6296296296296297,0.6296296296296297,-0.33740546829551693,0.006900031553327446,0.0,1.0,0.6592592592592591,-0.12464892143511637,0.0,0.728538283062645,0.42857142857142855,1.5714285714285714,0.0,0.8571428571428571,0.6296296296296297,0.0,0.0,-1.1666666666666667,0.036192184281690715,1.3333333333333333,0.7054794520547946,,
0.8529411764705882,1.0073925916929962,1.0322580645161283,0.12636298235636692,-1.6400800934423512,-1.1178634372905052,0.75,2.0672361681836127,0.3333333333333333,0.3333333333333333,-1.6521233275159921,0.34093717551850994,0.0,0.9,0.3333333333333333,0.12263551343818364,-0.1,0.617169373549884,0.0,0.5714285714285714,-1.2082782920610504,-0.8571428571428571,0.3333333333333333,0.0,0.0,1.0,0.7500483403158231,0.3333333333333333,0.5,,
0.6764705882352942,-0.3981719136412498,0.258064516129032,0.41588674157990896,0.0,-0.4586375288824486,0.5,0.0,0.48148148148148145,0.48148148148148145,-0.6218731820826024,-0.1308170365726693,0.0,0.5,0.48148148148148145,0.4263100565984385,0.9,0.5336426914153132,0.42857142857142855,0.2857142857142857,0.0,0.14285714285714285,0.48148148148148145,0.0,0.0,-0.3333333333333333,-0.0013535288430554155,1.0,0.4726027397260274,,
-0.5588235294117647,-0.4615541513231911,-0.7004608294930875,-0.8019307525471273,0.0,0.35855163150332253,-0.5,0.0,-0.5185185185185185,-0.48148148148148145,0.36823734729493796,0.7681862732614654,-13.465160075329678,-0.5,-0.5074074074074074,-0.4797794505106855,-0.5,-0.45011600928074247,-0.42857142857142855,-0.14285714285714285,0.0,-0.42857142857142855,-0.5082304526748971,0.0,0.0,0.5,0.25687253357979795,-0.3333333333333333,-0.4041095890410959,,
-0.2647058823529412,0.600691451156498,-1.1981566820276495,0.4319347073869935,-1.6400800934423512,0.09511905584880043,0.0,-1.316857775386593,0.1111111111111111,0.1111111111111111,-0.055264688772541114,-1.4235461112640826,0.0,-0.5,0.1111111111111111,-0.44983861268420133,1.1,-0.2459396751740139,1.2857142857142858,0.0,-0.7639876305180323,-1.4285714285714286,0.1111111111111111,1.0,-0.14554419753699227,1.6666666666666667,-1.664225236574576,0.0,-0.23972602739726026,,
-0.2647058823529412,-0.9852900746292391,2.1566820276497687,-0.34716253832463945,-1.6400800934423512,-0.9413400224762509,-0.25,3.773266999239667,-0.48148148148148145,-0.48148148148148145,-0.6573589296102368,0.8800848464798576,0.0,-0.3,-0.48148148148148145,-0.5737209504338533,-0.6,-0.33874709976798145,-0.5714285714285714,-0.14285714285714285,-1.4341887979303811,0.5714285714285714,-0.48148148148148145,0.0,-1.0614488813745793,-0.8333333333333334,1.5076807390697167,0.0,-0.363013698630137,,
0.29411764705882354,1.2786079413496858,0.0,0.34527073028097893,0.0,0.10483441153711574,0.0,0.0,0.25925925925925924,0.25925925925925924,0.3845258871436901,0.5735106806390914,-2.151238591916571,0.1,0.24074074074074073,0.07841091481052649,0.5,0.4222737819025522,0.2857142857142857,0.5714285714285714,0.0,-0.8571428571428571,0.24074074074074073,0.0,0.0,1.0,0.4650565866049926,-0.3333333333333333,0.4726027397260274,,
0.5,0.30599565275105944,-0.09216589861751157,0.03550244207390068,-1.6400800934423512,0.5777967008992524,0.75,0.36120533712755903,0.48148148148148145,0.48148148148148145,1.3026953655225917,0.47572409325884685,0.0,0.5,0.48148148148148145,0.4263100565984385,0.6,0.654292343387471,0.7142857142857143,0.7142857142857143,-0.38747012073581377,-0.2857142857142857,0.48148148148148145,0.0,0.8115251611396304,0.16666666666666666,0.338833387044795,1.0,0.7191780821917808,,
0.9705882352941176,-0.19588750523362305,0.6451612903225802,0.3515738309588069,-1.6400800934423512,-0.7777359387774355,0.25,1.4799140788036595,0.5555555555555556,0.5555555555555556,-1.1355439208842297,0.34093717551850994,0.0,0.6,0.5555555555555556,0.45680913980643667,0.7,0.7842227378190255,0.8571428571428571,0.7142857142857143,-1.0275498873655846,-0.14285714285714285,0.5555555555555556,0.0,0.45047185216989916,0.16666666666666666,0.4650565866049926,0.6666666666666666,0.7465753424657534,,
0.35294117647058826,-0.11694724829406233,-0.49769585253456206,-0.06753718498185421,0.0,0.6727737802418186,0.5,0.0,0.5555555555555556,0.5555555555555556,1.3216986620127962,-0.00792308216236229,0.0,0.3,0.5555555555555556,0.05287544805862644,1.0,0.505800464037123,1.0,0.7142857142857143,0.0,0.7142857142857143,0.5555555555555556,0.0,0.0,-1.0,-0.27381092301567755,1.0,0.5958904109589042,,
-0.5588235294117647,-0.9852900746292391,2.1566820276497687,-0.08396571175061991,-2.631236442516272,-0.7296304331366583,-0.5,4.410486601779295,-0.6296296296296297,-0.6296296296296297,-0.23560209424083706,1.958380188402553,0.0,-0.4,-0.6296296296296297,-0.966382635709981,-0.6,-0.54292343387471,-0.5714285714285714,-0.5714285714285714,-1.7080485442182423,0.42857142857142855,-0.6296296296296297,0.0,-1.5605882959260546,-0.5,2.065936190783112,-0.3333333333333333,-0.5273972602739726,,
-0.6470588235294118,-0.9852900746292391,1.2350230414746537,0.41588674157990896,0.0,-0.3967742130737108,-0.5,0.0,-0.6666666666666666,-0.6666666666666666,-0.07329842931937147,1.4192325174412053,0.0,-0.4,-0.6666666666666666,-1.3124364199062464,-0.7,-0.6078886310904872,-0.5714285714285714,-0.5714285714285714,0.0,0.0,-0.6666666666666666,0.0,0.0,0.0,1.6472446019980658,-0.3333333333333333,-0.5958904109589042,,
0.6764705882352942,0.10371124434343269,0.09216589861751116,-0.3081249854969676,-2.631236442516272,1.055191588109696,0.75,0.992627743148458,0.5555555555555556,0.5555555555555556,2.3831685088229557,1.2606596730408086,0.0,1.2,0.5555555555555556,0.45680913980643667,0.1,0.9976798143851509,0.42857142857142855,0.7142857142857143,-0.7073480502193478,0.42857142857142855,0.5555555555555556,0.0,0.9442505252358576,-0.6666666666666666,1.0315216773141735,1.0,1.143835616438356,,
-0.5,-0.42962183655483627,-0.11059907834101389,-1.2176661902788062,0.0,-0.4986339141627248,-0.5,0.0,-0.5185185185185185,-0.48148148148148145,-0.4405662206709317,-1.1294655634669837,-8.700564971751488,-0.4,-0.5,-0.456031954250125,-0.5,-0.5150812064965197,-0.42857142857142855,-0.2857142857142857,0.0,0.2857142857142857,-0.49876543209876545,0.0,0.0,-0.3333333333333333,-0.941030674127677,-0.3333333333333333,-0.5273972602739726,,
0.5882352941176471,-0.17196621525193861,0.0,-0.036918530227474655,0.0,0.712829419740852,0.25,0.0,0.5185185185185185,0.5185185185185185,1.6288539848749282,0.8964226546908075,0.0,0.5,0.5185185185185185,0.4417906094346334,1.0,0.8213457076566125,0.8571428571428571,0.2857142857142857,0.0,0.14285714285714285,0.5185185185185185,0.0,0.0,-0.3333333333333333,0.6829851854022009,0.6666666666666666,0.9383561643835616,,
0.08823529411764706,1.1862047105829348,0.4792626728110597,0.3914916182437683,-2.631236442516272,-0.10463201271820677,0.25,1.6334762791417408,-0.07407407407407407,-0.07407407407407407,0.13903432228039536,0.7849411398396197,-0.07311399135926036,0.5,-0.07407407407407407,0.10781818570942385,0.0,0.14385150812064965,0.14285714285714285,-0.5714285714285714,-1.11452963053614,-0.2857142857142857,-0.07448559670781893,0.0,0.24469546849803578,0.3333333333333333,0.9083770923773948,0.0,0.14383561643835616,,
-0.6764705882352942,-0.9852900746292391,-0.608294930875576,-0.13159556717623058,0.0,0.1211263483653211,-0.5,0.0,-0.6666666666666666,-0.6666666666666666,0.0,0.34093717551850994,0.0,-0.5,-0.6666666666666666,-1.4259409877945177,-0.6,-0.6264501160092807,-0.5714285714285714,-0.5714285714285714,0.0,0.7142857142857143,-0.6666666666666666,0.0,0.0,-0.8333333333333334,-0.027521753142120832,-0.3333333333333333,-0.6095890410958904,,
