Player,Nation,Pos,Team,Age,Born,MP,Starts,Min,90s,GA,GA90,SoTA,Saves,Save%,W,D,L,CS,CS%,PKatt,PKA,PKsv,PKm,Save%
Emil Audero,IDN,GK,Como,27,1997,8,8,720,8.0,18,2.25,34,16,58.8,2,2,4,0,0.0,4,4,0,0,0.0
Jean Butez,FRA,GK,Como,29,1995,19,18,"1,666",18.5,20,1.08,68,48,73.5,8,4,6,5,27.8,2,2,0,0,0.0
Elia Caprile,ITA,GK,Napoli,22,2001,4,3,325,3.6,1,0.28,8,7,87.5,3,0,0,3,100.0,0,0,0,0,N/A
Elia Caprile,ITA,GK,Cagliari,22,2001,18,18,"1,620",18.0,22,1.22,66,44,68.2,5,4,9,5,27.8,1,1,0,0,0.0
Marco Carnesecchi,ITA,GK,Atalanta,24,2000,34,34,"3,060",34.0,34,1.00,129,97,75.2,19,7,8,13,38.2,2,2,0,0,0.0
Leandro Chichizola,ARG,GK,Parma,34,1990,1,1,90,1.0,3,3.00,6,3,50.0,0,0,1,0,0.0,0,0,0,0,N/A
Michele Di Gregorio,ITA,GK,Juventus,27,1997,33,33,"2,970",33.0,32,0.97,103,71,73.8,16,13,4,14,42.4,5,5,0,0,0.0
Wladimiro Falcone,ITA,GK,Lecce,29,1995,38,38,"3,420",38.0,58,1.53,181,125,72.4,8,10,20,9,23.7,10,8,1,1,11.1
David de Gea,ESP,GK,Fiorentina,33,1990,34,34,"3,060",34.0,38,1.12,133,94,72.2,18,5,11,10,29.4,3,1,2,0,66.7
Pierluigi Gollini,ITA,GK,Genoa,29,1995,7,7,630,7.0,15,2.14,32,16,62.5,1,2,4,1,14.3,4,3,1,0,25.0
Jesse Joronen,FIN,GK,Venezia,31,1993,8,7,703,7.8,15,1.92,40,27,70.0,1,1,5,2,28.6,3,3,0,0,0.0
Nicola Leali,ITA,GK,Genoa,31,1993,29,29,"2,610",29.0,31,1.07,111,82,74.8,8,10,11,10,34.5,4,3,1,0,25.0
Mike Maignan,FRA,GK,Milan,29,1995,37,37,"3,294",36.6,41,1.12,136,97,70.6,17,9,11,12,32.4,2,1,1,0,50.0
Christos Mandas,GRE,GK,Lazio,22,2001,9,9,810,9.0,7,0.78,27,20,74.1,3,5,1,4,44.4,0,0,0,0,N/A
Josep Martinez,ESP,GK,Inter,26,1998,5,5,450,5.0,3,0.60,14,11,78.6,4,1,0,3,60.0,0,0,0,0,N/A
Alex Meret,ITA,GK,Napoli,27,1997,34,34,"3,005",33.4,25,0.75,84,59,71.4,21,9,4,16,47.1,4,1,2,1,66.7
Vanja Milinković-Savić,SRB,GK,Torino,27,1997,37,37,"3,330",37.0,42,1.14,173,129,77.5,10,14,13,10,27.0,7,3,4,0,57.1
Lorenzo Montipò,ITA,GK,Hellas Verona,28,1996,36,36,"3,240",36.0,64,1.78,161,97,61.5,9,7,20,8,22.2,4,2,1,1,33.3
Juan Musso,ARG,GK,Atalanta,30,1994,1,1,90,1.0,0,0.00,4,4,100.0,1,0,0,1,100.0,0,0,0,0,N/A
Maduka Okoye,NGA,GK,Udinese,24,1999,25,25,"2,250",25.0,40,1.60,110,73,67.3,6,4,15,4,16.0,5,4,0,1,0.0
Daniele Padelli,ITA,GK,Udinese,38,1985,1,1,90,1.0,0,0.00,3,3,100.0,1,0,0,1,100.0,0,0,0,0,N/A
Alberto Paleari,ITA,GK,Torino,31,1992,1,1,90,1.0,3,3.00,7,4,57.1,0,0,1,0,0.0,0,0,0,0,N/A
Rui Patrício,POR,GK,Atalanta,36,1988,3,3,270,3.0,3,1.00,14,11,78.6,2,1,0,1,33.3,0,0,0,0,N/A
Simone Perilli,ITA,GK,Hellas Verona,29,1995,2,2,180,2.0,2,1.00,11,9,81.8,1,0,1,0,0.0,0,0,0,0,N/A
Mattia Perin,ITA,GK,Juventus,31,1992,5,5,450,5.0,3,0.60,16,13,81.3,2,3,0,3,60.0,0,0,0,0,N/A
Semuel Pizzignacco,ITA,GK,Monza,22,2001,9,8,736,8.2,17,2.08,38,22,55.3,1,2,5,1,12.5,0,0,0,0,N/A
Ivan Provedel,ITA,GK,Lazio,30,1994,29,29,"2,610",29.0,42,1.45,92,52,58.7,15,6,8,5,17.2,4,4,0,0,0.0
Ionuț Radu,ROU,GK,Venezia,27,1997,15,15,"1,350",15.0,18,1.20,65,47,76.9,2,7,6,4,26.7,3,3,0,0,0.0
Federico Ravaglia,ITA,GK,Bologna,24,1999,12,11,"1,056",11.7,14,1.19,24,10,45.8,5,2,4,4,36.4,1,1,0,0,0.0
Pepe Reina,ESP,GK,Como,41,1982,12,12,"1,034",11.5,14,1.22,41,27,68.3,3,4,5,2,16.7,1,1,0,0,0.0
Razvan Sava,ROU,GK,Udinese,22,2002,12,12,"1,080",12.0,16,1.33,51,37,74.5,5,4,3,4,33.3,3,3,0,0,0.0
Simone Scuffet,ITA,GK,Napoli,28,1996,1,1,90,1.0,1,1.00,4,3,75.0,0,1,0,0,0.0,0,0,0,0,N/A
Simone Scuffet,ITA,GK,Cagliari,28,1996,13,13,"1,170",13.0,23,1.77,56,33,67.9,3,3,7,1,7.7,5,5,0,0,0.0
Jacopo Seghetti,ITA,GK,Empoli,19,2005,1,1,90,1.0,3,3.00,6,3,50.0,0,0,1,0,0.0,0,0,0,0,N/A
Alen Sherri,ALB,GK,Cagliari,26,1997,7,7,621,6.9,11,1.59,31,20,64.5,1,2,4,1,14.3,0,0,0,0,N/A
Benjamin Siegrist,SUI,GK,Genoa,32,1992,2,2,152,1.7,2,1.18,12,10,83.3,1,1,0,0,0.0,0,0,0,0,N/A
Marco Silvestri,ITA,GK,Empoli,33,1991,5,5,450,5.0,11,2.20,27,17,59.3,0,1,4,0,0.0,0,0,0,0,N/A
Łukasz Skorupski,POL,GK,Bologna,33,1991,27,27,"2,364",26.3,33,1.26,82,50,61.0,11,12,4,8,29.6,2,1,1,0,50.0
Yann Sommer,SUI,GK,Inter,35,1988,32,32,"2,880",32.0,29,0.91,110,81,76.4,20,8,4,13,40.6,4,3,1,0,25.0
Marco Sportiello,ITA,GK,Milan,32,1992,2,1,126,1.4,2,1.43,6,4,66.7,1,0,0,1,100.0,0,0,0,0,N/A
Filip Stankovic,SRB,GK,Venezia,22,2002,16,16,"1,367",15.2,23,1.51,83,60,77.1,2,6,8,0,0.0,5,4,1,0,20.0
Zion Suzuki,JPN,GK,Parma,21,2002,36,36,"3,240",36.8,53,1.47,150,99,68.0,7,15,15,7,19.4,5,5,0,0,0.0
Mile Svilar,SRB,GK,Roma,24,1999,38,38,"3,420",38.0,35,0.92,151,117,79.5,20,9,9,16,42.1,4,4,0,0,0.0
Pietro Terracciano,ITA,GK,Fiorentina,34,1990,3,3,270,3.0,3,1.00,13,10,76.9,0,3,0,1,33.3,0,0,0,0,N/A
Stefano Turati,ITA,GK,Monza,22,2001,30,30,"2,676",29.7,52,1.75,145,93,65.5,2,7,21,2,6.7,4,2,2,0,50.0
Devis Vásquez,COL,GK,Empoli,26,1998,32,32,"2,880",32.0,45,1.41,125,79,64.8,6,12,14,6,18.8,3,1,1,1,50.0
Alisson,BRA,GK,Liverpool,31,1992,28,28,"2,508",27.9,29,1.04,100,73,72.0,18,7,3,9,32.1,1,1,0,0,0.0
Alphonse Areola,FRA,GK,West Ham,31,1993,26,25,"2,260",25.1,41,1.63,115,77,64.3,5,7,13,5,20.0,0,0,0,0,N/A
Kepa Arrizabalaga,ESP,GK,Bournemouth,29,1994,31,31,"2,790",31.0,39,1.26,134,95,73.9,13,7,11,8,25.8,4,4,0,0,0.0
Brandon Austin,ENG,GK,Tottenham,25,1999,1,1,90,1.0,2,2.00,4,2,50.0,0,0,1,0,0.0,0,0,0,0,N/A
Altay Bayındır,TUR,GK,Manchester Utd,26,1998,4,4,360,4.0,10,2.50,17,8,41.2,1,0,3,1,25.0,0,0,0,0,N/A
Daniel Bentley,ENG,GK,Wolves,31,1993,2,2,180,2.0,4,2.00,12,8,66.7,1,0,1,1,50.0,0,0,0,0,N/A
Martin Dúbravka,SVK,GK,Newcastle Utd,35,1989,10,10,900,10.0,12,1.20,41,29,70.7,7,0,3,5,50.0,0,0,0,0,N/A
Ederson,BRA,GK,Manchester City,30,1993,26,26,"2,320",25.8,26,1.01,78,53,69.2,16,4,6,10,38.5,2,2,0,0,0.0
Łukasz Fabiański,POL,GK,West Ham,39,1985,14,13,"1,160",12.9,21,1.63,71,50,74.6,6,3,4,2,15.4,3,3,0,0,0.0
Mark Flekken,NED,GK,Brentford,31,1993,37,37,"3,275",36.4,55,1.51,203,150,73.4,16,8,13,7,18.9,1,1,0,0,0.0
Fraser Forster,ENG,GK,Tottenham,36,1988,7,7,630,7.0,15,2.14,42,27,69.0,1,2,4,1,14.3,2,2,0,0,0.0
Dean Henderson,ENG,GK,Crystal Palace,27,1997,38,38,"3,420",38.0,51,1.34,150,101,66.7,13,14,11,11,28.9,2,1,1,0,50.0
Mads Hermansen,DEN,GK,Leicester City,24,2000,27,27,"2,385",26.5,58,2.19,155,99,64.5,3,6,18,1,3.7,4,3,1,0,25.0
Sam Johnstone,ENG,GK,Wolves,31,1993,7,7,630,7.0,17,2.43,39,23,61.5,0,1,6,0,0.0,2,2,0,0,0.0
Filip Jørgensen,DEN,GK,Chelsea,22,2002,6,6,540,6.0,9,1.50,28,19,71.4,3,0,3,1,16.7,1,1,0,0,0.0
Caoimhín Kelleher,IRL,GK,Liverpool,25,1998,10,10,900,10.0,12,1.20,37,24,67.6,7,2,1,4,40.0,1,0,1,0,100.0
Antonín Kinský,CZE,GK,Tottenham,21,2003,6,6,540,6.0,11,1.83,32,23,65.6,1,0,5,1,16.7,0,0,0,0,N/A
Bernd Leno,GER,GK,Fulham,32,1992,38,38,"3,420",38.0,54,1.42,159,106,67.9,15,9,14,5,13.2,4,3,1,0,25.0
Joe Lumley,ENG,GK,Southampton,29,1995,3,3,270,3.0,7,2.33,20,13,65.0,0,1,2,0,0.0,0,0,0,0,N/A
Emiliano Martínez,ARG,GK,Aston Villa,31,1992,37,37,"3,194",35.5,45,1.27,142,96,69.0,18,9,10,8,21.6,2,1,1,0,50.0
Alex McCarthy,ENG,GK,Southampton,34,1989,5,5,450,5.0,13,2.60,37,24,70.3,0,0,5,0,0.0,2,2,0,0,0.0
Arijanet Muric,KVX,GK,Ipswich Town,25,1998,18,18,"1,620",18.0,33,1.83,100,67,70.0,2,6,10,1,5.6,3,3,0,0,0.0
Neto,BRA,GK,Bournemouth,35,1989,2,2,180,2.0,2,1.00,13,11,84.6,0,2,0,0,0.0,0,0,0,0,N/A
Robin Olsen,SWE,GK,Aston Villa,34,1990,4,1,226,2.5,6,2.39,14,8,64.3,1,0,0,1,100.0,1,1,0,0,0.0
André Onana,CMR,GK,Manchester Utd,28,1996,34,34,"3,060",34.0,44,1.29,132,88,68.9,10,9,15,9,26.5,4,3,1,0,25.0
Stefan Ortega,GER,GK,Manchester City,31,1992,13,12,"1,100",12.2,18,1.47,50,33,68.0,5,4,3,3,25.0,2,2,0,0,0.0
Alex Palmer,ENG,GK,Ipswich Town,27,1996,13,13,"1,170",13.0,30,2.31,71,43,59.2,1,3,9,0,0.0,1,1,0,0,0.0
Jordan Pickford,ENG,GK,Everton,30,1994,38,38,"3,420",38.0,44,1.16,163,117,73.0,11,15,12,12,31.6,2,0,2,0,100.0
Nick Pope,ENG,GK,Newcastle Utd,32,1992,28,28,"2,520",28.0,35,1.25,120,86,71.7,13,6,9,8,28.6,2,1,1,0,50.0
Hákon Rafn Valdimarsson,ISL,GK,Brentford,22,2001,2,1,145,1.6,2,1.24,4,3,50.0,0,0,1,1,100.0,0,0,0,0,N/A
Aaron Ramsdale,ENG,GK,Southampton,26,1998,30,30,"2,700",30.0,66,2.20,188,120,67.6,2,5,23,3,10.0,7,5,2,0,28.6
David Raya,ESP,GK,Arsenal,28,1995,38,38,"3,420",38.0,34,0.89,120,86,74.2,20,14,4,13,34.2,3,3,0,0,0.0
José Sá,POR,GK,Wolves,31,1993,29,29,"2,609",29.0,48,1.66,117,69,63.2,11,5,13,7,24.1,7,5,2,0,28.6
Robert Sánchez,ESP,GK,Chelsea,26,1997,32,32,"2,880",32.0,34,1.06,127,92,76.4,17,9,6,10,31.3,5,4,1,0,20.0
Matz Sels,BEL,GK,Nott'ham Forest,32,1992,38,38,"3,420",38.0,46,1.21,165,119,73.9,19,8,11,13,34.2,3,3,0,0,0.0
Jason Steele,ENG,GK,Brighton,33,1990,2,2,180,2.0,1,0.50,4,3,75.0,2,0,0,1,50.0,0,0,0,0,N/A
Jakub Stolarczyk,POL,GK,Leicester City,23,2000,10,10,900,10.0,16,1.60,44,28,63.6,3,1,6,2,20.0,0,0,0,0,N/A
Mark Travers,IRL,GK,Bournemouth,25,1999,5,5,450,5.0,5,1.00,25,20,80.0,2,2,1,1,20.0,0,0,0,0,N/A
Bart Verbruggen,NED,GK,Brighton,21,2002,36,36,"3,240",36.0,58,1.61,143,87,65.7,14,13,9,7,19.4,9,9,0,0,0.0
Guglielmo Vicario,ITA,GK,Tottenham,27,1996,24,24,"2,160",24.0,37,1.54,102,67,64.7,9,3,12,4,16.7,1,1,0,0,0.0
Christian Walton,ENG,GK,Ipswich Town,28,1995,7,7,630,7.0,19,2.71,39,20,56.4,1,1,5,1,14.3,2,2,0,0,0.0
Danny Ward,WAL,GK,Leicester City,31,1993,2,1,135,1.5,6,4.00,10,4,40.0,0,0,1,0,0.0,0,0,0,0,N/A
Adrián,ESP,GK,Betis,37,1987,19,19,"1,710",19.0,27,1.42,76,49,65.8,10,5,4,3,15.8,1,1,0,0,0.0
Julen Agirrezabala,ESP,GK,Athletic Club,23,2000,14,14,"1,206",13.4,9,0.67,34,24,76.5,9,4,1,5,35.7,2,1,1,0,50.0
Augusto Batalla,ARG,GK,Rayo Vallecano,28,1996,32,32,"2,880",32.0,39,1.22,133,93,75.2,10,12,10,8,25.0,8,6,2,0,25.0
Dani Cárdenas,ESP,GK,Rayo Vallecano,27,1997,6,6,540,6.0,6,1.00,20,14,70.0,3,1,2,2,33.3,0,0,0,0,N/A
Jasper Cillessen,NED,GK,Las Palmas,35,1989,27,27,"2,335",25.9,42,1.62,128,85,70.3,6,8,13,3,11.1,8,4,3,1,42.9
Diego Conde,ESP,GK,Villarreal,25,1998,22,22,"1,962",21.8,33,1.51,94,62,68.1,11,6,5,2,9.1,4,3,0,1,0.0
Thibaut Courtois,BEL,GK,Real Madrid,32,1992,30,30,"2,700",30.0,29,0.97,104,76,75.0,20,6,4,11,36.7,3,3,0,0,0.0
Stole Dimitrievski,MKD,GK,Valencia,30,1993,4,4,360,4.0,6,1.50,12,6,58.3,0,2,2,0,0.0,2,1,0,1,0.0
Marko Dmitrović,SRB,GK,Leganés,32,1992,32,32,"2,880",32.0,49,1.53,150,103,72.0,8,11,13,10,31.3,8,7,0,1,0.0
Aitor Fernández,ESP,GK,Osasuna,33,1991,1,1,90,1.0,0,0.00,5,5,100.0,0,1,0,1,100.0,0,0,0,0,N/A
Álvaro Fernández,ESP,GK,Sevilla,26,1998,9,8,747,8.3,16,1.93,36,20,61.1,2,1,5,3,37.5,2,2,0,0,0.0
André Ferreira,POR,GK,Valladolid,28,1996,6,6,540,6.0,20,3.33,39,19,56.4,0,0,6,0,0.0,3,3,0,0,0.0
Fran,ESP,GK,Real Madrid,19,2005,1,1,90,1.0,2,2.00,2,0,0.0,0,0,1,0,0.0,0,0,0,0,N/A
Joan García,ESP,GK,Espanyol,23,2001,38,38,"3,420",38.0,51,1.34,192,140,75.5,11,9,18,8,21.1,6,4,2,0,33.3
Paulo Gazzaniga,ARG,GK,Girona,32,1992,36,36,"3,195",35.5,51,1.44,143,90,65.7,11,8,17,8,22.2,5,2,3,0,60.0
Dominik Greif,SVK,GK,Mallorca,27,1997,31,31,"2,790",31.0,34,1.10,116,83,72.4,11,8,12,7,22.6,2,2,0,0,0.0
Vicente Guaita,ESP,GK,Celta Vigo,37,1987,34,34,"3,060",34.0,48,1.41,127,79,64.6,14,7,13,8,23.5,3,3,0,0,0.0
Sergio Herrera,ESP,GK,Osasuna,31,1993,37,37,"3,330",37.0,52,1.41,182,131,75.3,12,15,10,8,21.6,7,7,0,0,0.0
Dinko Horkaš,CRO,GK,Las Palmas,25,1999,13,11,"1,085",12.1,19,1.58,54,35,66.7,2,0,9,1,9.1,2,1,1,0,50.0
Karl Jakob Hein,EST,GK,Valladolid,22,2002,31,31,"2,790",31.0,68,2.19,163,96,60.7,4,4,23,5,16.1,4,4,0,0,0.0
Andriy Lunin,UKR,GK,Real Madrid,25,1999,7,7,630,7.0,7,1.00,20,13,65.0,6,0,1,4,57.1,0,0,0,0,N/A
Giorgi Mamardashvili,GEO,GK,Valencia,23,2000,34,34,"3,060",34.0,48,1.41,136,89,68.4,11,11,12,8,23.5,7,5,2,0,28.6
Unai Marrero,ESP,GK,Real Sociedad,22,2001,2,2,180,2.0,3,1.50,12,8,75.0,0,0,2,0,0.0,1,0,1,0,100.0
Juan Musso,ARG,GK,Atlético Madrid,30,1994,2,2,180,2.0,0,0.00,2,2,100.0,2,0,0,2,100.0,0,0,0,0,N/A
Ørjan Nyland,NOR,GK,Sevilla,33,1990,30,30,"2,673",29.7,39,1.31,112,73,67.9,8,10,12,7,23.3,4,3,1,0,25.0
Jan Oblak,SVN,GK,Atlético Madrid,31,1993,36,36,"3,240",36.0,30,0.83,114,86,78.1,20,10,6,15,41.7,5,5,0,0,0.0
Jesús Owono,EQG,GK,Alavés,23,2001,6,5,487,5.4,7,1.29,14,7,57.1,1,1,3,0,0.0,1,1,0,0,0.0
Alex Padilla,ESP,GK,Athletic Club,20,2003,5,3,321,3.6,6,1.68,17,12,70.6,0,1,2,0,0.0,1,1,0,0,0.0
Iñaki Peña,ESP,GK,Barcelona,25,1999,16,15,"1,396",15.5,18,1.16,53,35,69.8,7,3,5,4,26.7,2,2,0,0,0.0
Arnau Rafús,ESP,GK,Valladolid,21,2003,1,1,90,1.0,2,2.00,2,0,0.0,0,0,1,0,0.0,0,0,0,0,N/A
Álex Remiro,ESP,GK,Real Sociedad,29,1995,36,36,"3,240",36.0,43,1.19,130,86,70.8,13,7,16,13,36.1,6,5,1,0,16.7
Adrian Rodriguez,ESP,GK,Alavés,23,2000,2,1,122,1.4,2,1.48,6,4,83.3,0,1,0,1,100.0,1,1,0,0,0.0
Leo Román,ESP,GK,Mallorca,24,2000,7,7,630,7.0,10,1.43,49,39,81.6,2,1,4,2,28.6,1,1,0,0,0.0
Rui Silva,POR,GK,Betis,30,1994,15,15,"1,350",15.0,18,1.20,54,37,72.2,5,5,5,4,26.7,3,3,0,0,0.0
Unai Simón,ESP,GK,Athletic Club,27,1997,21,21,"1,890",21.0,14,0.67,62,47,79.0,10,8,3,10,47.6,2,1,1,0,50.0
Antonio Sivera,ESP,GK,Alavés,27,1996,32,32,"2,810",31.2,39,1.25,112,75,73.2,9,10,13,8,25.0,9,9,0,0,0.0
David Soria,ESP,GK,Getafe,31,1993,38,38,"3,420",38.0,39,1.03,126,86,75.4,11,9,18,9,23.7,9,8,1,0,11.1
Juan Soriano,ESP,GK,Leganés,26,1997,6,6,540,6.0,7,1.17,25,19,72.0,1,2,3,1,16.7,0,0,0,0,N/A
Wojciech Szczęsny,POL,GK,Barcelona,34,1990,15,15,"1,350",15.0,12,0.80,33,21,66.7,14,1,0,8,53.3,1,1,0,0,0.0
Marc-André ter Stegen,GER,GK,Barcelona,32,1992,8,8,674,7.5,9,1.20,22,13,63.6,7,0,1,1,12.5,1,1,0,0,0.0
Fran Vieites,ESP,GK,Betis,25,1999,4,4,360,4.0,5,1.25,11,6,54.5,1,2,1,0,0.0,0,0,0,0,N/A
Iván Villar,ESP,GK,Celta Vigo,27,1997,4,4,360,4.0,9,2.25,18,10,50.0,2,0,2,0,0.0,1,0,1,0,100.0
Krapyvtsov Vladyslav,UKR,GK,Girona,19,2005,2,2,180,2.0,7,3.50,18,11,66.7,0,0,2,0,0.0,1,1,0,0,0.0
Emil Audero,IDN,GK,Como,27,1997,8,8,720,8.0,18,2.25,34,16,58.8,2,2,4,0,0.0,4,4,0,0,0.0
Jean Butez,FRA,GK,Como,29,1995,19,18,"1,666",18.5,20,1.08,68,48,73.5,8,4,6,5,27.8,2,2,0,0,0.0
Elia Caprile,ITA,GK,Napoli,22,2001,4,3,325,3.6,1,0.28,8,7,87.5,3,0,0,3,100.0,0,0,0,0,N/A
Elia Caprile,ITA,GK,Cagliari,22,2001,18,18,"1,620",18.0,22,1.22,66,44,68.2,5,4,9,5,27.8,1,1,0,0,0.0
Marco Carnesecchi,ITA,GK,Atalanta,24,2000,34,34,"3,060",34.0,34,1.00,129,97,75.2,19,7,8,13,38.2,2,2,0,0,0.0
Leandro Chichizola,ARG,GK,Parma,34,1990,1,1,90,1.0,3,3.00,6,3,50.0,0,0,1,0,0.0,0,0,0,0,N/A
Michele Di Gregorio,ITA,GK,Juventus,27,1997,33,33,"2,970",33.0,32,0.97,103,71,73.8,16,13,4,14,42.4,5,5,0,0,0.0
Wladimiro Falcone,ITA,GK,Lecce,29,1995,38,38,"3,420",38.0,58,1.53,181,125,72.4,8,10,20,9,23.7,10,8,1,1,11.1
David de Gea,ESP,GK,Fiorentina,33,1990,34,34,"3,060",34.0,38,1.12,133,94,72.2,18,5,11,10,29.4,3,1,2,0,66.7
Pierluigi Gollini,ITA,GK,Genoa,29,1995,7,7,630,7.0,15,2.14,32,16,62.5,1,2,4,1,14.3,4,3,1,0,25.0
Jesse Joronen,FIN,GK,Venezia,31,1993,8,7,703,7.8,15,1.92,40,27,70.0,1,1,5,2,28.6,3,3,0,0,0.0
Nicola Leali,ITA,GK,Genoa,31,1993,29,29,"2,610",29.0,31,1.07,111,82,74.8,8,10,11,10,34.5,4,3,1,0,25.0
Mike Maignan,FRA,GK,Milan,29,1995,37,37,"3,294",36.6,41,1.12,136,97,70.6,17,9,11,12,32.4,2,1,1,0,50.0
Christos Mandas,GRE,GK,Lazio,22,2001,9,9,810,9.0,7,0.78,27,20,74.1,3,5,1,4,44.4,0,0,0,0,N/A
Josep Martinez,ESP,GK,Inter,26,1998,5,5,450,5.0,3,0.60,14,11,78.6,4,1,0,3,60.0,0,0,0,0,N/A
Alex Meret,ITA,GK,Napoli,27,1997,34,34,"3,005",33.4,25,0.75,84,59,71.4,21,9,4,16,47.1,4,1,2,1,66.7
Vanja Milinković-Savić,SRB,GK,Torino,27,1997,37,37,"3,330",37.0,42,1.14,173,129,77.5,10,14,13,10,27.0,7,3,4,0,57.1
Lorenzo Montipò,ITA,GK,Hellas Verona,28,1996,36,36,"3,240",36.0,64,1.78,161,97,61.5,9,7,20,8,22.2,4,2,1,1,33.3
Juan Musso,ARG,GK,Atalanta,30,1994,1,1,90,1.0,0,0.00,4,4,100.0,1,0,0,1,100.0,0,0,0,0,N/A
Maduka Okoye,NGA,GK,Udinese,24,1999,25,25,"2,250",25.0,40,1.60,110,73,67.3,6,4,15,4,16.0,5,4,0,1,0.0
Daniele Padelli,ITA,GK,Udinese,38,1985,1,1,90,1.0,0,0.00,3,3,100.0,1,0,0,1,100.0,0,0,0,0,N/A
Alberto Paleari,ITA,GK,Torino,31,1992,1,1,90,1.0,3,3.00,7,4,57.1,0,0,1,0,0.0,0,0,0,0,N/A
Rui Patrício,POR,GK,Atalanta,36,1988,3,3,270,3.0,3,1.00,14,11,78.6,2,1,0,1,33.3,0,0,0,0,N/A
Simone Perilli,ITA,GK,Hellas Verona,29,1995,2,2,180,2.0,2,1.00,11,9,81.8,1,0,1,0,0.0,0,0,0,0,N/A
Mattia Perin,ITA,GK,Juventus,31,1992,5,5,450,5.0,3,0.60,16,13,81.3,2,3,0,3,60.0,0,0,0,0,N/A
Semuel Pizzignacco,ITA,GK,Monza,22,2001,9,8,736,8.2,17,2.08,38,22,55.3,1,2,5,1,12.5,0,0,0,0,N/A
Ivan Provedel,ITA,GK,Lazio,30,1994,29,29,"2,610",29.0,42,1.45,92,52,58.7,15,6,8,5,17.2,4,4,0,0,0.0
Ionuț Radu,ROU,GK,Venezia,27,1997,15,15,"1,350",15.0,18,1.20,65,47,76.9,2,7,6,4,26.7,3,3,0,0,0.0
Federico Ravaglia,ITA,GK,Bologna,24,1999,12,11,"1,056",11.7,14,1.19,24,10,45.8,5,2,4,4,36.4,1,1,0,0,0.0
Pepe Reina,ESP,GK,Como,41,1982,12,12,"1,034",11.5,14,1.22,41,27,68.3,3,4,5,2,16.7,1,1,0,0,0.0
Razvan Sava,ROU,GK,Udinese,22,2002,12,12,"1,080",12.0,16,1.33,51,37,74.5,5,4,3,4,33.3,3,3,0,0,0.0
Simone Scuffet,ITA,GK,Napoli,28,1996,1,1,90,1.0,1,1.00,4,3,75.0,0,1,0,0,0.0,0,0,0,0,N/A
Simone Scuffet,ITA,GK,Cagliari,28,1996,13,13,"1,170",13.0,23,1.77,56,33,67.9,3,3,7,1,7.7,5,5,0,0,0.0
Jacopo Seghetti,ITA,GK,Empoli,19,2005,1,1,90,1.0,3,3.00,6,3,50.0,0,0,1,0,0.0,0,0,0,0,N/A
Alen Sherri,ALB,GK,Cagliari,26,1997,7,7,621,6.9,11,1.59,31,20,64.5,1,2,4,1,14.3,0,0,0,0,N/A
Benjamin Siegrist,SUI,GK,Genoa,32,1992,2,2,152,1.7,2,1.18,12,10,83.3,1,1,0,0,0.0,0,0,0,0,N/A
Marco Silvestri,ITA,GK,Empoli,33,1991,5,5,450,5.0,11,2.20,27,17,59.3,0,1,4,0,0.0,0,0,0,0,N/A
Łukasz Skorupski,POL,GK,Bologna,33,1991,27,27,"2,364",26.3,33,1.26,82,50,61.0,11,12,4,8,29.6,2,1,1,0,50.0
Yann Sommer,SUI,GK,Inter,35,1988,32,32,"2,880",32.0,29,0.91,110,81,76.4,20,8,4,13,40.6,4,3,1,0,25.0
Marco Sportiello,ITA,GK,Milan,32,1992,2,1,126,1.4,2,1.43,6,4,66.7,1,0,0,1,100.0,0,0,0,0,N/A
Filip Stankovic,SRB,GK,Venezia,22,2002,16,16,"1,367",15.2,23,1.51,83,60,77.1,2,6,8,0,0.0,5,4,1,0,20.0
Zion Suzuki,JPN,GK,Parma,21,2002,36,36,"3,240",36.8,53,1.47,150,99,68.0,7,15,15,7,19.4,5,5,0,0,0.0
Mile Svilar,SRB,GK,Roma,24,1999,38,38,"3,420",38.0,35,0.92,151,117,79.5,20,9,9,16,42.1,4,4,0,0,0.0
Pietro Terracciano,ITA,GK,Fiorentina,34,1990,3,3,270,3.0,3,1.00,13,10,76.9,0,3,0,1,33.3,0,0,0,0,N/A
Stefano Turati,ITA,GK,Monza,22,2001,30,30,"2,676",29.7,52,1.75,145,93,65.5,2,7,21,2,6.7,4,2,2,0,50.0
Devis Vásquez,COL,GK,Empoli,26,1998,32,32,"2,880",32.0,45,1.41,125,79,64.8,6,12,14,6,18.8,3,1,1,1,50.0
Ben Alexander Voll,GER,GK,St. Pauli,23,2000,2,1,91,1.0,2,1.98,5,3,60.0,0,1,0,0,0.0,0,0,0,0,N/A
Noah Atubolu,GER,GK,Freiburg,22,2002,26,26,"2,307",25.6,37,1.44,120,81,69.2,12,6,8,10,38.5,2,0,2,0,100.0
Oliver Baumann,GER,GK,Hoffenheim,34,1990,28,28,"2,520",28.0,53,1.89,138,84,63.0,6,8,14,4,14.3,5,2,3,0,60.0
Tiago Cardoso,LUX,GK,Gladbach,18,2006,5,4,380,4.2,3,0.71,23,20,87.0,2,1,1,2,50.0,0,0,0,0,N/A
Finn Dahmen,GER,GK,Augsburg,26,1998,19,19,"1,710",19.0,19,1.00,82,65,79.3,7,6,6,9,47.4,2,2,0,0,0.0
Thomas Dähne,GER,GK,Holstein Kiel,30,1994,9,9,810,9.0,19,2.11,55,36,69.1,2,2,5,0,0.0,3,2,1,0,33.3
Patrick Drewes,GER,GK,Bochum,31,1993,21,21,"1,890",21.0,46,2.19,99,51,56.6,2,5,14,2,9.5,5,3,2,0,40.0
Frank Feller,GER,GK,Heidenheim,20,2004,2,1,121,1.3,0,0.00,2,2,100.0,1,0,0,2,200.0,0,0,0,0,N/A
Kamil Grabara,POL,GK,Wolfsburg,25,1999,29,29,"2,585",28.7,49,1.71,137,88,65.7,9,7,13,5,17.2,3,2,1,0,33.3
Péter Gulácsi,HUN,GK,RB Leipzig,34,1990,30,30,"2,631",29.2,39,1.33,137,97,73.0,12,11,7,14,46.7,3,2,1,0,33.3
Timo Horn,GER,GK,Bochum,31,1993,13,13,"1,170",13.0,22,1.69,54,32,59.3,3,3,7,3,23.1,1,0,0,1,N/A
Lukáš Hrádecký,FIN,GK,Leverkusen,34,1989,29,29,"2,610",29.0,38,1.31,118,83,71.2,16,11,2,6,20.7,4,4,0,0,0.0
Gregor Kobel,SUI,GK,Dortmund,26,1997,32,32,"2,880",32.0,47,1.47,129,82,66.7,16,6,10,7,21.9,4,4,0,0,0.0
Matej Kovar,CZE,GK,Leverkusen,24,2000,5,5,450,5.0,5,1.00,16,12,68.8,3,1,1,3,60.0,0,0,0,0,N/A
Nediljko Labrović,CRO,GK,Augsburg,24,1999,15,15,"1,350",15.0,32,2.13,74,42,60.8,4,4,7,2,13.3,3,3,0,0,0.0
Alexander Meyer,GER,GK,Dortmund,33,1991,2,2,180,2.0,4,2.00,11,7,63.6,1,0,1,0,0.0,0,0,0,0,N/A
Florian Müller,GER,GK,Freiburg,26,1997,9,8,753,8.4,16,1.91,30,15,53.3,4,1,3,1,12.5,2,2,0,0,0.0
Kevin Müller,GER,GK,Heidenheim,33,1991,33,33,"2,939",32.7,64,1.96,169,105,65.7,7,5,21,7,21.2,6,6,0,0,0.0
Marius Müller,GER,GK,Wolfsburg,31,1993,6,5,475,5.3,5,0.95,23,18,78.3,2,3,0,1,20.0,0,0,0,0,N/A
Manuel Neuer,GER,GK,Bayern Munich,38,1986,22,22,"1,980",22.0,15,0.68,45,30,68.9,18,4,0,13,59.1,2,1,0,1,0.0
Moritz Nicolas,GER,GK,Gladbach,26,1997,19,19,"1,639",18.2,25,1.37,92,69,78.3,9,4,6,4,21.1,5,5,0,0,0.0
Alexander Nübel,GER,GK,Stuttgart,27,1996,34,34,"3,060",34.0,53,1.56,136,83,62.5,14,8,12,7,20.6,3,2,1,0,33.3
Jonas Omlin,SUI,GK,Gladbach,30,1994,12,11,978,10.9,26,2.39,72,45,66.7,2,1,8,1,9.1,3,2,1,0,33.3
Daniel Peretz,ISR,GK,Bayern Munich,24,2000,3,3,270,3.0,5,1.67,7,2,28.6,2,0,1,0,0.0,0,0,0,0,N/A
Luca Philipp,GER,GK,Hoffenheim,23,2000,6,6,540,6.0,15,2.50,35,21,60.0,1,3,2,0,0.0,1,1,0,0,0.0
Lasse Rieß,GER,GK,Mainz,05,23,2001,2,2,180,2.0,2,1.00,8,6,75.0,1,1,0,0,0.0,0,0,0,0
Frederik Rønnow,DEN,GK,Union Berlin,31,1992,28,28,"2,520",28.0,37,1.32,111,71,67.6,8,11,9,8,28.6,5,1,4,0,80.0
Kauã Santos,BRA,GK,Eint Frankfurt,21,2003,9,8,765,8.5,12,1.41,46,35,76.1,5,1,2,3,37.5,1,1,0,0,0.0
Alexander Schwolow,GER,GK,Union Berlin,32,1992,6,6,540,6.0,13,2.17,28,15,57.1,2,0,4,0,0.0,1,1,0,0,0.0
Kevin Trapp,GER,GK,Eint Frankfurt,34,1990,26,26,"2,295",25.5,34,1.33,117,82,70.9,12,8,6,6,23.1,2,0,2,0,100.0
Jonas Urbig,GER,GK,Bayern Munich,20,2003,8,8,720,8.0,12,1.50,28,16,57.1,4,3,1,2,25.0,0,0,0,0,N/A
Maarten Vandevoordt,BEL,GK,RB Leipzig,22,2002,6,4,429,4.8,9,1.89,21,12,57.1,1,1,2,0,0.0,0,0,0,0,N/A
Nikola Vasilj,BIH,GK,St. Pauli,28,1995,33,33,"2,969",33.0,39,1.18,135,93,71.9,8,7,18,9,27.3,5,1,4,0,80.0
Timon Weiner,GER,GK,Holstein Kiel,25,1999,25,25,"2,250",25.0,61,2.44,140,81,59.3,4,5,16,2,8.0,4,4,0,0,0.0
Michael Zetterer,GER,GK,Werder Bremen,29,1995,34,34,"3,060",34.0,57,1.68,156,102,65.4,14,9,11,10,29.4,3,3,0,0,0.0
Dimitry Bertaud,COD,GK,Montpellier,26,1998,4,4,360,4.0,11,2.75,21,10,57.1,1,0,3,0,0.0,2,2,0,0,0.0
Marco Bizot,NED,GK,Brest,33,1991,32,32,"2,880",32.0,54,1.69,128,74,64.1,14,5,13,10,31.3,10,8,1,1,11.1
Marcin Bułka,POL,GK,Nice,24,1999,34,34,"3,060",34.0,41,1.21,161,120,75.8,17,9,8,8,23.5,3,2,1,0,33.3
Patrik Carlgren,SWE,GK,Nantes,32,1992,5,4,417,4.6,7,1.51,28,21,75.0,1,2,1,1,25.0,0,0,0,0,N/A
Lucas Chevalier,FRA,GK,Lille,22,2001,34,34,"3,060",34.0,36,1.06,126,91,74.6,17,9,8,11,32.4,4,4,0,0,0.0
Grégoire Coudert,FRA,GK,Brest,25,1999,2,2,180,2.0,5,2.50,13,9,61.5,1,0,1,0,0.0,0,0,0,0,N/A
Théo De Percin,MTQ,GK,Auxerre,23,2001,2,2,180,2.0,3,1.50,9,5,77.8,0,1,1,1,50.0,2,1,1,0,50.0
Rémy Descamps,FRA,GK,Lyon,28,1996,1,1,90,1.0,2,2.00,6,4,66.7,0,0,1,0,0.0,0,0,0,0,N/A
Arthur Desmas,FRA,GK,Le Havre,30,1994,18,18,"1,620",18.0,38,2.11,93,54,61.3,5,0,13,3,16.7,3,2,1,0,33.3
Yehvann Diouf,SEN,GK,Reims,24,1999,34,34,"3,060",34.0,47,1.38,179,131,76.0,8,9,17,7,20.6,5,4,1,0,20.0
Gianluigi Donnarumma,ITA,GK,Paris S-G,25,1999,24,24,"2,091",23.2,25,1.08,74,49,67.6,18,5,1,4,16.7,1,1,0,0,0.0
Yahia Fofana,CIV,GK,Angers,23,2000,33,33,"2,970",33.0,51,1.55,186,135,74.2,10,6,17,7,21.2,4,3,0,1,0.0
Mathieu Gorgelin,FRA,GK,Le Havre,33,1990,16,16,"1,440",16.0,33,2.06,82,50,63.4,5,4,7,1,6.3,3,3,0,0,0.0
Kjetil Haug,NOR,GK,Toulouse,26,1998,6,5,498,5.5,7,1.27,16,9,56.3,2,2,1,1,20.0,0,0,0,0,N/A
Karl-Johan Johnsson,SWE,GK,Strasbourg,34,1990,3,3,270,3.0,6,2.00,22,16,77.3,1,1,1,0,0.0,1,1,0,0,0.0
Hervé Koffi,BFA,GK,Lens,27,1996,5,5,450,5.0,8,1.60,26,18,76.9,1,0,4,0,0.0,2,2,0,0,0.0
Philipp Köhn,SUI,GK,Monaco,26,1998,19,19,"1,710",19.0,19,1.00,63,44,71.4,11,5,3,8,42.1,1,1,0,0,0.0
Alban Lafont,FRA,GK,Nantes,25,1999,12,12,"1,080",12.0,19,1.58,49,32,67.3,2,4,6,2,16.7,3,3,0,0,0.0
Gautier Larsonneur,FRA,GK,Saint-Étienne,27,1997,34,34,"3,060",34.0,77,2.26,209,132,69.4,8,6,20,5,14.7,15,13,2,0,13.3
Benjamin Lecomte,FRA,GK,Montpellier,33,1991,30,30,"2,700",30.0,68,2.27,173,107,64.2,3,4,23,1,3.3,7,6,1,0,14.3
Donovan Léon,GUF,GK,Auxerre,31,1992,32,32,"2,880",32.0,48,1.50,164,118,73.8,11,8,13,9,28.1,6,5,1,0,16.7
Anthony Lopes,POR,GK,Nantes,33,1990,18,18,"1,563",17.4,26,1.50,71,46,69.0,5,6,7,3,16.7,5,4,0,1,0.0
Radosław Majecki,POL,GK,Monaco,24,1999,15,15,"1,350",15.0,22,1.47,65,43,69.2,7,2,6,3,20.0,2,2,0,0,0.0
Steve Mandanda,FRA,GK,Rennes,39,1985,18,17,"1,486",16.5,23,1.39,51,29,58.8,6,2,9,6,35.3,3,2,1,0,33.3
Lucas Perri,BRA,GK,Lyon,26,1997,33,33,"2,970",33.0,44,1.33,160,116,74.4,17,6,10,10,30.3,3,3,0,0,0.0
Đorđe Petrović,SRB,GK,Strasbourg,24,1999,31,31,"2,790",31.0,38,1.23,147,110,78.9,15,8,8,10,32.3,8,7,1,0,12.5
Guillaume Restes,FRA,GK,Toulouse,19,2005,29,29,"2,543",28.3,36,1.27,92,58,62.0,9,7,13,8,27.6,2,1,1,0,50.0
Gerónimo Rulli,ARG,GK,Marseille,32,1992,34,34,"3,060",34.0,47,1.38,135,87,67.4,20,5,9,5,14.7,6,3,3,0,50.0
Mathew Ryan,AUS,GK,Lens,32,1992,14,14,"1,260",14.0,17,1.21,62,44,75.8,8,1,5,6,42.9,3,2,1,0,33.3
Matvei Safonov,RUS,GK,Paris S-G,25,1999,10,9,879,9.8,9,0.92,25,17,72.0,7,1,1,3,33.3,2,2,0,0,0.0
Brice Samba,FRA,GK,Rennes,30,1994,17,17,"1,529",17.0,27,1.59,87,58,70.1,7,0,10,5,29.4,3,1,2,0,66.7
Brice Samba,FRA,GK,Lens,30,1994,15,15,"1,350",15.0,14,0.93,54,40,81.5,6,6,3,7,46.7,4,4,0,0,0.0
Arnau Tenas,ESP,GK,Paris S-G,23,2001,1,1,90,1.0,1,1.00,4,3,75.0,1,0,0,0,0.0,0,0,0,0,N/A
Melvin Zinga,FRA,GK,Angers,22,2002,1,1,90,1.0,2,2.00,4,2,75.0,0,0,1,0,0.0,1,1,0,0,0.0
