Player_Name,Market_Value
Ederson,"20,00 mio. €"
Stefan Ortega,"8,00 mio. €"
Marcus Bettinelli,600 K €
Rúben Dias,"65,00 mio. €"
Abdukodir Khusanov,"35,00 mio. €"
Vitor Reis,"30,00 mio. €"
Manuel Akanji,"28,00 mio. €"
John Stones,"25,00 mio. €"
Nathan Aké,"25,00 mio. €"
Josko Gvardiol,"75,00 mio. €"
Rayan Aït-Nouri,"35,00 mio. €"
Josh Wilson-Esbrand,"4,00 mio. €"
Rico Lewis,"40,00 mio. €"
Issa Kaboré,"4,00 mio. €"
Rodri,"110,00 mio. €"
Kalvin Phillips,"12,00 mio. €"
Tijjani Reijnders,"60,00 mio. €"
Nico González,"40,00 mio. €"
Matheus Nunes,"35,00 mio. €"
Mateo Kovacic,"20,00 mio. €"
Sverre Nypan,"15,00 mio. €"
İlkay Gündoğan,"5,00 mio. €"
Bernardo Silva,"38,00 mio. €"
James McAtee,"20,00 mio. €"
Claudio Echeverri,"18,00 mio. €"
Nico O'Reilly,"18,00 mio. €"
Jérémy Doku,"50,00 mio. €"
Jack Grealish,"28,00 mio. €"
Phil Foden,"100,00 mio. €"
Savinho,"50,00 mio. €"
Rayan Cherki,"45,00 mio. €"
Oscar Bobb,"25,00 mio. €"
Erling Haaland,"180,00 mio. €"
Omar Marmoush,"75,00 mio. €"
Ederson,"20,00 mio. €"
Stefan Ortega,"8,00 mio. €"
Marcus Bettinelli,600 K €
Rúben Dias,"65,00 mio. €"
Abdukodir Khusanov,"35,00 mio. €"
Vitor Reis,"30,00 mio. €"
Manuel Akanji,"28,00 mio. €"
John Stones,"25,00 mio. €"
Nathan Aké,"25,00 mio. €"
Josko Gvardiol,"75,00 mio. €"
Rayan Aït-Nouri,"35,00 mio. €"
Josh Wilson-Esbrand,"4,00 mio. €"
Rico Lewis,"40,00 mio. €"
Issa Kaboré,"4,00 mio. €"
Rodri,"110,00 mio. €"
Kalvin Phillips,"12,00 mio. €"
Tijjani Reijnders,"60,00 mio. €"
Nico González,"40,00 mio. €"
Matheus Nunes,"35,00 mio. €"
Mateo Kovacic,"20,00 mio. €"
Sverre Nypan,"15,00 mio. €"
İlkay Gündoğan,"5,00 mio. €"
Bernardo Silva,"38,00 mio. €"
James McAtee,"20,00 mio. €"
Claudio Echeverri,"18,00 mio. €"
Nico O'Reilly,"18,00 mio. €"
Jérémy Doku,"50,00 mio. €"
Jack Grealish,"28,00 mio. €"
Phil Foden,"100,00 mio. €"
Savinho,"50,00 mio. €"
Rayan Cherki,"45,00 mio. €"
Oscar Bobb,"25,00 mio. €"
Erling Haaland,"180,00 mio. €"
Omar Marmoush,"75,00 mio. €"
David Raya,"40,00 mio. €"
Kepa Arrizabalaga,"10,00 mio. €"
Karl Hein,"3,00 mio. €"
William Saliba,"80,00 mio. €"
Gabriel Magalhães,"75,00 mio. €"
Jakub Kiwior,"28,00 mio. €"
Myles Lewis-Skelly,"45,00 mio. €"
Riccardo Calafiori,"35,00 mio. €"
Oleksandr Zinchenko,"20,00 mio. €"
Jurrien Timber,"55,00 mio. €"
Ben White,"45,00 mio. €"
Martín Zubimendi,"60,00 mio. €"
Christian Nørgaard,"11,00 mio. €"
Declan Rice,"120,00 mio. €"
Mikel Merino,"35,00 mio. €"
Albert Sambi Lokonga,"8,00 mio. €"
Martin Ødegaard,"85,00 mio. €"
Fábio Vieira,"22,00 mio. €"
Gabriel Martinelli,"55,00 mio. €"
Leandro Trossard,"22,00 mio. €"
Bukayo Saka,"150,00 mio. €"
Ethan Nwaneri,"55,00 mio. €"
Noni Madueke,"40,00 mio. €"
Reiss Nelson,"16,00 mio. €"
Kai Havertz,"65,00 mio. €"
Gabriel Jesus,"32,00 mio. €"
Giorgi Mamardashvili,"30,00 mio. €"
Alisson,"20,00 mio. €"
Freddie Woodman,"3,50 mio. €"
Ármin Pécsi,800 K €
Ibrahima Konaté,"60,00 mio. €"
Virgil van Dijk,"23,00 mio. €"
Joe Gomez,"20,00 mio. €"
Rhys Williams,700 K €
Milos Kerkez,"45,00 mio. €"
Konstantinos Tsimikas,"18,00 mio. €"
Andrew Robertson,"18,00 mio. €"
Jeremie Frimpong,"50,00 mio. €"
Conor Bradley,"30,00 mio. €"
Calvin Ramsay,"2,50 mio. €"
Ryan Gravenberch,"75,00 mio. €"
Stefan Bajcetic,"9,00 mio. €"
Wataru Endo,"8,00 mio. €"
Tyler Morton,"7,00 mio. €"
Alexis Mac Allister,"100,00 mio. €"
Curtis Jones,"45,00 mio. €"
Florian Wirtz,"140,00 mio. €"
Dominik Szoboszlai,"80,00 mio. €"
Harvey Elliott,"30,00 mio. €"
Luis Díaz,"70,00 mio. €"
Cody Gakpo,"70,00 mio. €"
Mohamed Salah,"50,00 mio. €"
Federico Chiesa,"14,00 mio. €"
Ben Doak,"14,00 mio. €"
Darwin Núñez,"45,00 mio. €"
Guglielmo Vicario,"32,00 mio. €"
Antonín Kinský,"15,00 mio. €"
Brandon Austin,600 K €
Cristian Romero,"50,00 mio. €"
Micky van de Ven,"50,00 mio. €"
Kevin Danso,"25,00 mio. €"
Radu Drăgușin,"25,00 mio. €"
Luka Vuskovic,"12,00 mio. €"
Ben Davies,"6,00 mio. €"
Ashley Phillips,"2,80 mio. €"
Kota Takai,"2,50 mio. €"
Destiny Udogie,"40,00 mio. €"
Djed Spence,"20,00 mio. €"
Pedro Porro,"38,00 mio. €"
Archie Gray,"38,00 mio. €"
Rodrigo Bentancur,"30,00 mio. €"
Yves Bissouma,"25,00 mio. €"
Lucas Bergvall,"38,00 mio. €"
Pape Matar Sarr,"32,00 mio. €"
Dejan Kulusevski,"50,00 mio. €"
James Maddison,"42,00 mio. €"
Alfie Devine,"3,50 mio. €"
Heung-min Son,"20,00 mio. €"
Mikey Moore,"18,00 mio. €"
Bryan Gil,"15,00 mio. €"
Manor Solomon,"14,00 mio. €"
Mohammed Kudus,"45,00 mio. €"
Brennan Johnson,"40,00 mio. €"
Wilson Odobert,"20,00 mio. €"
Min-hyeok Yang,"3,50 mio. €"
Dominic Solanke,"40,00 mio. €"
Mathys Tel,"35,00 mio. €"
Richarlison,"20,00 mio. €"
Dane Scarlett,"2,00 mio. €"
André Onana,"25,00 mio. €"
Altay Bayındır,"8,00 mio. €"
Tom Heaton,200 K €
Leny Yoro,"55,00 mio. €"
Lisandro Martínez,"40,00 mio. €"
Matthijs de Ligt,"38,00 mio. €"
Harry Maguire,"13,00 mio. €"
Ayden Heaven,"5,00 mio. €"
Tyler Fredricson,"3,00 mio. €"
Patrick Dorgu,"25,00 mio. €"
Luke Shaw,"12,00 mio. €"
Tyrell Malacia,"8,00 mio. €"
Harry Amass,"5,00 mio. €"
Diego León,"4,00 mio. €"
Diogo Dalot,"30,00 mio. €"
Noussair Mazraoui,"25,00 mio. €"
Manuel Ugarte,"45,00 mio. €"
Casemiro,"10,00 mio. €"
Toby Collyer,"5,00 mio. €"
Kobbie Mainoo,"50,00 mio. €"
Bruno Fernandes,"50,00 mio. €"
Alejandro Garnacho,"45,00 mio. €"
Mason Mount,"28,00 mio. €"
Marcus Rashford,"50,00 mio. €"
Jadon Sancho,"28,00 mio. €"
Amad Diallo,"45,00 mio. €"
Antony,"35,00 mio. €"
Matheus Cunha,"60,00 mio. €"
Rasmus Højlund,"35,00 mio. €"
Joshua Zirkzee,"30,00 mio. €"
Chido Obi,"5,00 mio. €"
Ethan Wheatley,-
José Sá,"7,00 mio. €"
Sam Johnstone,"6,00 mio. €"
Daniel Bentley,"1,50 mio. €"
Tom King,200 K €
Toti,"28,00 mio. €"
Emmanuel Agbadou,"20,00 mio. €"
Santiago Bueno,"10,00 mio. €"
Yerson Mosquera,"8,00 mio. €"
Bastien Meupiyou,"2,50 mio. €"
Hugo Bueno,"8,00 mio. €"
Ki-Jana Hoever,"5,00 mio. €"
Pedro Lima,"5,00 mio. €"
Matt Doherty,"2,00 mio. €"
André,"28,00 mio. €"
Boubacar Traoré,"5,00 mio. €"
João Gomes,"40,00 mio. €"
Jean-Ricner Bellegarde,"18,00 mio. €"
Marshall Munetsi,"15,00 mio. €"
Rodrigo Gomes,"15,00 mio. €"
Tawanda Chirewa,500 K €
Gonçalo Guedes,"11,00 mio. €"
Enso González,"4,00 mio. €"
Fer López,"5,00 mio. €"
Jørgen Strand Larsen,"30,00 mio. €"
Fábio Silva,"20,00 mio. €"
Hee-chan Hwang,"12,00 mio. €"
Sasa Kalajdzic,"4,00 mio. €"
Nathan Fraser,600 K €
James Trafford,"22,00 mio. €"
Max Weiß,"4,00 mio. €"
Etienne Green,700 K €
Vaclav Hladky,300 K €
Maxime Estève,"20,00 mio. €"
Jordan Beyer,"6,00 mio. €"
Joe Worrall,"5,00 mio. €"
Hjalmar Ekdal,"4,50 mio. €"
Hannes Delcroix,"3,50 mio. €"
Quilindschy Hartman,"14,00 mio. €"
Bashir Humphreys,"7,00 mio. €"
Lucas Pires,"5,00 mio. €"
Owen Dodgson,300 K €
Axel Tuanzebe,"5,00 mio. €"
Connor Roberts,"4,50 mio. €"
Kyle Walker,"4,00 mio. €"
Oliver Sonne,"2,70 mio. €"
Shurandy Sambo,"2,00 mio. €"
Josh Cullen,"6,50 mio. €"
Josh Laurent,"1,80 mio. €"
Hannibal,"12,00 mio. €"
Aaron Ramsey,"10,00 mio. €"
Oluwaseun Adewumi,350 K €
Jaidon Anthony,"9,00 mio. €"
Jacob Bruun Larsen,"5,00 mio. €"
Mike Trésor,"5,00 mio. €"
Darko Churlinov,"1,50 mio. €"
Jaydon Banel,"1,00 mio. €"
Marcus Edwards,"12,00 mio. €"
Luca Koleosho,"12,00 mio. €"
Loum Tchaouna,"10,00 mio. €"
Benson Manuel,"3,50 mio. €"
Enock Agyei,600 K €
Zeki Amdouni,"12,00 mio. €"
Zian Flemming,"6,50 mio. €"
Lyle Foster,"6,00 mio. €"
Michael Obafemi,"1,70 mio. €"
Ashley Barnes,250 K €
Álex Remiro,"18,00 mio. €"
Unai Marrero,600 K €
Igor Zubeldia,"12,00 mio. €"
Jon Martín,"8,00 mio. €"
Jon Pacheco,"6,00 mio. €"
Aritz Elustondo,"3,00 mio. €"
Javi López,"7,50 mio. €"
Aihen Muñoz,"4,00 mio. €"
Jon Aramburu,"15,00 mio. €"
Hamari Traoré,"2,00 mio. €"
Álvaro Odriozola,"1,00 mio. €"
Urko González de Zárate,"5,00 mio. €"
Jon Gorrotxategi,"3,00 mio. €"
Luka Sucic,"15,00 mio. €"
Beñat Turrientes,"10,00 mio. €"
Brais Méndez,"22,00 mio. €"
Arsen Zakharyan,"9,00 mio. €"
Pablo Marín,"8,00 mio. €"
Sergio Gómez,"20,00 mio. €"
Ander Barrenetxea,"15,00 mio. €"
Sheraldo Becker,"2,50 mio. €"
Arkaitz Mariezkurrena,700 K €
Takefusa Kubo,"30,00 mio. €"
Alberto Dadie,200 K €
Mikel Oyarzabal,"25,00 mio. €"
Orri Óskarsson,"15,00 mio. €"
Umar Sadiq,"5,00 mio. €"
Jon Karrikaburu,"2,50 mio. €"
Carlos Fernández,"1,00 mio. €"
Álvaro Valles,"2,50 mio. €"
Fran Vieites,"2,00 mio. €"
Adrián,500 K €
Natan,"9,00 mio. €"
Diego Llorente,"6,00 mio. €"
Nobel Mendy,"4,00 mio. €"
Marc Bartra,"1,00 mio. €"
Junior Firpo,"8,00 mio. €"
Romain Perraud,"5,00 mio. €"
Ricardo Rodríguez,"2,00 mio. €"
Aitor Ruibal,"3,50 mio. €"
Ángel Ortiz,"2,50 mio. €"
Héctor Bellerín,"2,00 mio. €"
Marc Roca,"6,00 mio. €"
Sergi Altimira,"15,00 mio. €"
Pablo Fornals,"6,00 mio. €"
Mateo Flores,"1,00 mio. €"
Giovani Lo Celso,"15,00 mio. €"
Isco,"6,00 mio. €"
Rodrigo Riquelme,"12,00 mio. €"
Abde Ezzalzouli,"12,00 mio. €"
Iker Losada,"1,50 mio. €"
Cucho Hernández,"18,00 mio. €"
Borja Iglesias,"3,00 mio. €"
Chimy Ávila,"2,00 mio. €"
Gonzalo Petit,"1,50 mio. €"
Cédric Bakambu,"1,50 mio. €"
Paulo Gazzaniga,"2,50 mio. €"
Toni Fuidias,300 K €
Vladyslav Krapyvtsov,200 K €
Juan Carlos,100 K €
Ladislav Krejci,"12,00 mio. €"
Daley Blind,"1,50 mio. €"
David López,"1,00 mio. €"
Miguel Gutiérrez,"20,00 mio. €"
Arnau Martínez,"10,00 mio. €"
Alejandro Francés,"2,00 mio. €"
Yangel Herrera,"15,00 mio. €"
Donny van de Beek,"5,00 mio. €"
Jhon Solís,"2,50 mio. €"
Iván Martín,"6,00 mio. €"
Gabriel Misehouy,"1,00 mio. €"
Joel Roca,"1,00 mio. €"
Jastin Garcia,-
Viktor Tsygankov,"18,00 mio. €"
Yáser Asprilla,"15,00 mio. €"
Valery Fernández,"2,00 mio. €"
Portu,"1,80 mio. €"
Abel Ruiz,"4,00 mio. €"
Bojan Miovski,"2,50 mio. €"
Cristhian Stuani,"1,00 mio. €"
Alejandro Iturbe,"2,00 mio. €"
Matías Dituro,200 K €
David Affengruber,"5,00 mio. €"
Bambo Diaby,800 K €
John Donald,800 K €
Matia Barzic,500 K €
Pedro Bigas,450 K €
Léo Pétrot,900 K €
Jairo Izquierdo,600 K €
Álvaro Núñez,"1,50 mio. €"
Marc Aguado,"1,40 mio. €"
Aleix Febas,"2,20 mio. €"
Rodrigo Mendoza,"1,00 mio. €"
Nicolás Fernández Mercau,"4,00 mio. €"
Yago Santiago,800 K €
Rafa Núñez,300 K €
Germán Valera,"1,50 mio. €"
Josan,450 K €
Adam Boayar,500 K €
Mourad El Ghezouani,"1,40 mio. €"
Mark Flekken,"10,00 mio. €"
Lukas Hradecky,"2,00 mio. €"
Niklas Lomb,250 K €
Piero Hincapié,"50,00 mio. €"
Edmond Tapsoba,"35,00 mio. €"
Jarell Quansah,"20,00 mio. €"
Jeanuël Belocian,"15,00 mio. €"
Abdoulaye Faye,"2,00 mio. €"
Axel Tape,"2,00 mio. €"
Alejandro Grimaldo,"30,00 mio. €"
Arthur,"7,00 mio. €"
Granit Xhaka,"12,00 mio. €"
Robert Andrich,"9,00 mio. €"
Exequiel Palacios,"40,00 mio. €"
Aleix García,"20,00 mio. €"
Malik Tillman,"32,00 mio. €"
Ibrahim Maza,"12,00 mio. €"
Jonas Hofmann,"2,00 mio. €"
Amine Adli,"18,00 mio. €"
Martin Terrier,"17,00 mio. €"
Nathan Tella,"15,00 mio. €"
Victor Boniface,"40,00 mio. €"
Patrik Schick,"27,00 mio. €"
Christian Kofane,"5,00 mio. €"
Alejo Sarco,800 K €
Josep Martínez,"12,00 mio. €"
Yann Sommer,"4,00 mio. €"
Raffaele Di Gennaro,300 K €
Alessandro Bastoni,"80,00 mio. €"
Yann Bisseck,"35,00 mio. €"
Benjamin Pavard,"25,00 mio. €"
Stefan de Vrij,"5,00 mio. €"
Tomás Palacios,"4,00 mio. €"
Francesco Acerbi,"3,00 mio. €"
Zinho Vanheusden,"1,00 mio. €"
Federico Dimarco,"50,00 mio. €"
Carlos Augusto,"26,00 mio. €"
Denzel Dumfries,"35,00 mio. €"
Matteo Darmian,"2,50 mio. €"
Hakan Çalhanoğlu,"30,00 mio. €"
Petar Sučić,"14,00 mio. €"
Kristjan Asllani,"13,00 mio. €"
Aleksandar Stanković,"11,00 mio. €"
Nicolò Barella,"75,00 mio. €"
Davide Frattesi,"35,00 mio. €"
Piotr Zieliński,"10,00 mio. €"
Henrikh Mkhitaryan,"4,00 mio. €"
Ebenezer Akinsanmiro,"2,00 mio. €"
Luis Henrique,"25,00 mio. €"
Tajon Buchanan,"6,00 mio. €"
Nicola Zalewski,"12,00 mio. €"
Sebastiano Esposito,"8,50 mio. €"
Lautaro Martínez,"95,00 mio. €"
Marcus Thuram,"75,00 mio. €"
Pio Esposito,"25,00 mio. €"
Ange-Yoan Bonny,"20,00 mio. €"
Mehdi Taremi,"3,50 mio. €"
Mike Maignan,"25,00 mio. €"
Devis Vásquez,"2,00 mio. €"
Pietro Terracciano,"1,00 mio. €"
Lorenzo Torriani,500 K €
Fikayo Tomori,"20,00 mio. €"
Malick Thiaw,"18,00 mio. €"
Strahinja Pavlović,"18,00 mio. €"
Matteo Gabbia,"14,00 mio. €"
Davide Bartesaghi,"1,80 mio. €"
Álex Jiménez,"15,00 mio. €"
Emerson Royal,"9,00 mio. €"
Filippo Terracciano,"3,20 mio. €"
Samuele Ricci,"30,00 mio. €"
Youssouf Fofana,"30,00 mio. €"
Ismaël Bennacer,"15,00 mio. €"
Yacine Adli,"11,00 mio. €"
Yunus Musah,"20,00 mio. €"
Ruben Loftus-Cheek,"10,00 mio. €"
Warren Bondo,"10,00 mio. €"
Tommaso Pobega,"9,00 mio. €"
Luka Modrić,"4,00 mio. €"
Rafael Leão,"70,00 mio. €"
Noah Okafor,"13,00 mio. €"
Christian Pulisic,"50,00 mio. €"
Alexis Saelemaekers,"17,00 mio. €"
Samuel Chukwueze,"10,00 mio. €"
Santiago Gimenez,"30,00 mio. €"
Lorenzo Colombo,"5,00 mio. €"
Elia Caprile,"9,00 mio. €"
Simone Scuffet,"2,00 mio. €"
Boris Radunović,800 K €
Giuseppe Ciocci,100 K €
Sebastiano Luperto,"4,00 mio. €"
Yerry Mina,"3,00 mio. €"
Adam Obert,"3,00 mio. €"
Mateusz Wieteska,"2,00 mio. €"
Davide Veroli,900 K €
Nicola Pintus,400 K €
Riyad Idrissi,"1,00 mio. €"
Gabriele Zappa,"4,00 mio. €"
Alessandro Di Pardo,800 K €
Matteo Prati,"6,00 mio. €"
Răzvan Marin,"3,50 mio. €"
Michel Adopo,"4,00 mio. €"
Alessandro Deiola,"1,60 mio. €"
Marko Rog,750 K €
Nadir Zortea,"5,00 mio. €"
Gianluca Gaetano,"4,00 mio. €"
Nicolò Cavuoti,275 K €
Mattia Felici,"2,80 mio. €"
Alessandro Vinciguerra,400 K €
Roberto Piccoli,"12,00 mio. €"
Zito Luvumbo,"5,00 mio. €"
Gennaro Borrelli,"2,20 mio. €"
Nik Prelec,"1,50 mio. €"
Leonardo Pavoletti,700 K €
Adrian Semper,"3,50 mio. €"
Ante Vukovic,300 K €
Leonardo Loria,250 K €
Alessandro Livieri,200 K €
Nícolas,100 K €
Simone Canestrelli,"7,00 mio. €"
Francesco Coppola,"2,50 mio. €"
Adrian Rus,"1,20 mio. €"
Mateus Lusuardi,400 K €
Antonio Caracciolo,350 K €
Samuele Angori,"5,50 mio. €"
Pietro Beruatto,"1,50 mio. €"
Tomás Esteves,"2,30 mio. €"
Arturo Calabresi,700 K €
Marius Marin,"3,00 mio. €"
Malthe Højholt,"1,20 mio. €"
Žan Jevšenak,850 K €
İsak Vural,"4,50 mio. €"
Gabriele Piccinini,"4,50 mio. €"
Idrissa Touré,"4,00 mio. €"
Matteo Tramoni,"7,00 mio. €"
Stefano Moreo,"1,50 mio. €"
Jan Mlakar,"2,00 mio. €"
Mehdi Léris,"2,20 mio. €"
Alessandro Arena,750 K €
Lisandru Tramoni,700 K €
Emanuel Vignato,500 K €
Mert Durmush,200 K €
Alexander Lind,"5,50 mio. €"
Henrik Meister,"2,80 mio. €"
Nicholas Bonfanti,"2,00 mio. €"
Edgaras Dubickas,250 K €
Elia Giani,250 K €
Robin Risser,"1,50 mio. €"
Régis Gurtner,150 K €
Samson Baidoo,"8,00 mio. €"
Malang Sarr,"5,00 mio. €"
Jonathan Gradit,"4,00 mio. €"
Nidal Celik,"1,80 mio. €"
Ismaëlo Ganiou,"1,00 mio. €"
Sidi Bane,800 K €
Jhoanner Chávez,"3,50 mio. €"
Matthieu Udol,"3,50 mio. €"
Deiver Machado,"3,00 mio. €"
Ruben Aguilar,"3,50 mio. €"
Salis Abdul Samed,"5,50 mio. €"
Hamzat Ojediran,"1,80 mio. €"
Tom Pouilly,800 K €
Andy Diouf,"15,00 mio. €"
Neil El Aynaoui,"15,00 mio. €"
Andrija Bulatovic,"1,00 mio. €"
Anass Zaroury,"8,00 mio. €"
Angelo Fulgini,"5,00 mio. €"
Adrien Thomasson,"5,00 mio. €"
Anthony Bermont,600 K €
Jeremy Agbonifo,"5,00 mio. €"
Morgan Guilavogui,"4,00 mio. €"
Martín Satriano,"5,00 mio. €"
Wesley Saïd,"3,00 mio. €"
Goduine Koyalipou,"2,50 mio. €"
Florian Sotoca,"2,00 mio. €"
Rémy Labeau Lascary,"2,00 mio. €"
Donovan Léon,"1,00 mio. €"
Théo De Percin,300 K €
Tom Negrel,50 K €
Sinaly Diomandé,"5,00 mio. €"
Clément Akpa,"5,00 mio. €"
Gabriel Osho,"3,00 mio. €"
Francisco Sierralta,"1,50 mio. €"
Saad Agouzoul,500 K €
Victor Mayela,100 K €
Gideon Mensah,"4,00 mio. €"
Fredrik Oppegård,600 K €
Paul Joly,"1,80 mio. €"
Marvin Senaya,"1,80 mio. €"
Lamine Sy,500 K €
Elisha Owusu,"3,00 mio. €"
Assane Dioussé,700 K €
Nathan Buayi-Kiala,100 K €
Kévin Danois,"8,00 mio. €"
Ben Viadere,-
Ibrahim Osman,"10,00 mio. €"
Nicolas Mercier,200 K €
Aristide Zossou,100 K €
Gaëtan Perrin,"8,00 mio. €"
Josué Casimir,"4,00 mio. €"
Lasso Coulibaly,"1,20 mio. €"
Eros Maddy,150 K €
Lassine Sinayoko,"4,00 mio. €"
Theo Bair,"1,80 mio. €"
Ado Onaiwu,"1,50 mio. €"
Florian Ayé,"1,20 mio. €"
Obed Nkambadio,"5,00 mio. €"
Rémy Riou,100 K €
Moustapha Mbow,"4,00 mio. €"
Yoan Koré,900 K €
Samir Chergui,700 K €
Timothée Kolodziejczak,250 K €
Thibault De Smet,"2,50 mio. €"
Nhoa Sangui,"2,50 mio. €"
Jules Gaudin,700 K €
Tuomas Ollila,600 K €
Mathys Tourraine,"1,20 mio. €"
Sofiane Alakouch,250 K €
Maxime Lopez,"6,00 mio. €"
Adama Camara,"1,50 mio. €"
Lohann Doucet,700 K €
Gabriel Oualengbe,50 K €
Vincent Marchetti,"2,00 mio. €"
Ilan Kebbal,"5,00 mio. €"
Moses Simon,"12,00 mio. €"
Alimami Gory,"1,50 mio. €"
Julien Lopez,250 K €
Mathieu Cafaro,"2,50 mio. €"
Lamine Gueye,300 K €
Andy Pembélé,50 K €
Jean-Philippe Krasso,"5,00 mio. €"
Pierre-Yves Hamel,500 K €
Omar Sissoko,150 K €
Pape Sy,300 K €
Sadibou Sané,"5,00 mio. €"
Michel Mboula,"1,20 mio. €"
Yannis Lawson,300 K €
Koffi Kouao,"2,00 mio. €"
Kevin Van Den Kerkhof,"1,20 mio. €"
Maxime Colin,300 K €
Jean-Philippe Gbamin,"2,00 mio. €"
Alpha Touré,400 K €
Benjamin Stambouli,400 K €
Jessy Deminguet,"2,50 mio. €"
Joseph Nduquidi,400 K €
Ismaël Guerti,-
Papa Amadou Diallo,"4,00 mio. €"
Cheikh Sabaly,"4,00 mio. €"
Morgan Bokele,600 K €
Giorgi Abuashvili,450 K €
Gauthier Hein,"4,00 mio. €"
Giorgi Tsitaishvili,"2,00 mio. €"
Joel Asoro,"1,00 mio. €"
Malick Mbaye,500 K €
Idrissa Gueye,"4,00 mio. €"
Ibou Sané,600 K €
Pape Moussa Fall,500 K €
Joseph Mangondo,50 K €
Brian Madjo,-
Bart Verbruggen,"30,00 mio. €"
Kjell Scherpen,"5,00 mio. €"
Carl Rushworth,"3,00 mio. €"
Jason Steele,"1,50 mio. €"
Tom McGill,600 K €
Jan Paul van Hecke,"32,00 mio. €"
Olivier Boscagli,"20,00 mio. €"
Igor,"20,00 mio. €"
Adam Webster,"11,00 mio. €"
Diego Coppola,"10,00 mio. €"
Eiran Cashin,"8,00 mio. €"
Lewis Dunk,"6,00 mio. €"
Pervis Estupiñán,"30,00 mio. €"
Ferdi Kadıoğlu,"25,00 mio. €"
Maxim De Cuyper,"16,00 mio. €"
Tariq Lamptey,"11,00 mio. €"
Joël Veltman,"4,00 mio. €"
Carlos Baleba,"40,00 mio. €"
Mats Wieffer,"25,00 mio. €"
Jack Hinshelwood,"24,00 mio. €"
Yasin Ayari,"22,00 mio. €"
Matt O'Riley,"22,00 mio. €"
Malick Yalcouyé,"17,00 mio. €"
Diego Gómez,"14,00 mio. €"
James Milner,"1,00 mio. €"
Julio Enciso,"22,00 mio. €"
Facundo Buonanotte,"20,00 mio. €"
Andrew Moran,"3,50 mio. €"
Kaoru Mitoma,"40,00 mio. €"
Abdallah Sima,"9,00 mio. €"
Tom Watson,"8,00 mio. €"
Jeremy Sarmiento,"7,00 mio. €"
Yankuba Minteh,"30,00 mio. €"
Brajan Gruda,"25,00 mio. €"
Solly March,"6,00 mio. €"
Georginio Rutter,"32,00 mio. €"
Evan Ferguson,"25,00 mio. €"
Stefanos Tzimas,"22,00 mio. €"
Charalampos Kostoulas,"12,00 mio. €"
Danny Welbeck,"5,00 mio. €"
Emiliano Martínez,"20,00 mio. €"
Marco Bizot,"3,00 mio. €"
Joe Gauci,"1,50 mio. €"
Filip Marschall,800 K €
Ezri Konsa,"35,00 mio. €"
Pau Torres,"32,00 mio. €"
Yasin Özcan,"7,50 mio. €"
Tyrone Mings,"5,00 mio. €"
Ian Maatsen,"28,00 mio. €"
Lucas Digne,"10,00 mio. €"
Álex Moreno,"7,00 mio. €"
Matty Cash,"25,00 mio. €"
Andrés García,"7,00 mio. €"
Amadou Onana,"50,00 mio. €"
Boubacar Kamara,"40,00 mio. €"
Enzo Barrenechea,"10,00 mio. €"
Lamare Bogarde,"6,00 mio. €"
Leander Dendoncker,"4,50 mio. €"
Youri Tielemans,"38,00 mio. €"
John McGinn,"16,00 mio. €"
Ross Barkley,"6,00 mio. €"
Jacob Ramsey,"32,00 mio. €"
Morgan Rogers,"55,00 mio. €"
Emiliano Buendía,"15,00 mio. €"
Samuel Iling-Junior,"10,00 mio. €"
Lewis Dobbin,"2,50 mio. €"
Leon Bailey,"28,00 mio. €"
Donyell Malen,"25,00 mio. €"
Ollie Watkins,"40,00 mio. €"
Dean Henderson,"20,00 mio. €"
Walter Benítez,"7,50 mio. €"
Remi Matthews,400 K €
Marc Guéhi,"45,00 mio. €"
Maxence Lacroix,"25,00 mio. €"
Chadi Riad,"15,00 mio. €"
Chris Richards,"14,00 mio. €"
Rob Holding,"3,50 mio. €"
Tyrick Mitchell,"25,00 mio. €"
Borna Sosa,"4,50 mio. €"
Daniel Muñoz,"25,00 mio. €"
Nathaniel Clyne,"1,00 mio. €"
Caleb Kporha,"1,00 mio. €"
Adam Wharton,"45,00 mio. €"
Cheick Doucouré,"25,00 mio. €"
Jefferson Lerma,"10,00 mio. €"
David Ozoh,700 K €
Will Hughes,"7,00 mio. €"
Justin Devenny,"6,00 mio. €"
Naouirou Ahamada,"3,50 mio. €"
Eberechi Eze,"55,00 mio. €"
Daichi Kamada,"12,00 mio. €"
Matheus França,"10,00 mio. €"
Ismaïla Sarr,"25,00 mio. €"
Romain Esse,"12,00 mio. €"
Jesurun Rak-Sakyi,"6,00 mio. €"
Malcolm Ebiowei,"1,20 mio. €"
Jean-Philippe Mateta,"30,00 mio. €"
Eddie Nketiah,"18,00 mio. €"
Odsonne Edouard,"8,00 mio. €"
Djordje Petrovic,"20,00 mio. €"
Neto,"1,50 mio. €"
Alex Paulsen,750 K €
Will Dennis,350 K €
Ilya Zabarnyi,"42,00 mio. €"
Marcos Senesi,"22,00 mio. €"
Chris Mepham,"6,00 mio. €"
James Hill,"3,00 mio. €"
Matai Akinmboni,"1,00 mio. €"
Max Kinsey,-
Adrien Truffert,"15,00 mio. €"
Julio Soler,"8,00 mio. €"
Julián Araujo,"10,00 mio. €"
Adam Smith,750 K €
Tyler Adams,"18,00 mio. €"
Ryan Christie,"10,00 mio. €"
Alex Scott,"20,00 mio. €"
Lewis Cook,"15,00 mio. €"
Philip Billing,"10,00 mio. €"
Romain Faivre,"6,00 mio. €"
Marcus Tavernier,"18,00 mio. €"
Justin Kluivert,"35,00 mio. €"
Hamed Junior Traoré,"20,00 mio. €"
Antoine Semenyo,"40,00 mio. €"
Dango Ouattara,"28,00 mio. €"
Luis Sinisterra,"15,00 mio. €"
David Brooks,"10,00 mio. €"
Evanilson,"35,00 mio. €"
Eli Junior Kroupi,"15,00 mio. €"
Enes Ünal,"10,00 mio. €"
Joan García,"25,00 mio. €"
Marc-André ter Stegen,"12,00 mio. €"
Iñaki Peña,"8,00 mio. €"
Wojciech Szczesny,"1,00 mio. €"
Pau Cubarsí,"80,00 mio. €"
Ronald Araujo,"35,00 mio. €"
Eric García,"18,00 mio. €"
Andreas Christensen,"12,00 mio. €"
Iñigo Martínez,"5,00 mio. €"
Alejandro Balde,"60,00 mio. €"
Gerard Martín,"12,00 mio. €"
Jules Koundé,"65,00 mio. €"
Héctor Fort,"10,00 mio. €"
Marc Casadó,"30,00 mio. €"
Marc Bernal,"5,00 mio. €"
Oriol Romeu,"1,20 mio. €"
Pedri,"140,00 mio. €"
Gavi,"60,00 mio. €"
Frenkie de Jong,"45,00 mio. €"
Dani Olmo,"60,00 mio. €"
Fermín López,"50,00 mio. €"
Raphinha,"90,00 mio. €"
Lamine Yamal,"200,00 mio. €"
Ferran Torres,"40,00 mio. €"
Robert Lewandowski,"12,00 mio. €"
Pau Víctor,"4,00 mio. €"
Jonas Urbig,"12,00 mio. €"
Manuel Neuer,"4,00 mio. €"
Daniel Peretz,"3,00 mio. €"
Leon Klanac,-
Dayot Upamecano,"50,00 mio. €"
Min-jae Kim,"40,00 mio. €"
Jonathan Tah,"30,00 mio. €"
Hiroki Ito,"25,00 mio. €"
Tarek Buchmann,500 K €
Alphonso Davies,"50,00 mio. €"
Raphaël Guerreiro,"8,00 mio. €"
Adam Aznou,"4,00 mio. €"
Josip Stanisic,"32,00 mio. €"
Konrad Laimer,"25,00 mio. €"
Sacha Boey,"18,00 mio. €"
Aleksandar Pavlovic,"55,00 mio. €"
Joshua Kimmich,"45,00 mio. €"
João Palhinha,"30,00 mio. €"
David Santos Daiber,-
Tom Bischof,"30,00 mio. €"
Leon Goretzka,"22,00 mio. €"
Jamal Musiala,"140,00 mio. €"
Paul Wanner,"18,00 mio. €"
Lovro Zvonarek,"1,50 mio. €"
Lennart Karl,"1,50 mio. €"
Kingsley Coman,"30,00 mio. €"
Serge Gnabry,"22,00 mio. €"
Bryan Zaragoza,"12,00 mio. €"
Michael Olise,"100,00 mio. €"
Thomas Müller,"6,00 mio. €"
Harry Kane,"75,00 mio. €"
Jonah Kusi-Asare,"2,50 mio. €"
Oliver Baumann,"3,00 mio. €"
Luca Philipp,750 K €
Lúkas Petersson,250 K €
Koki Machida,"11,00 mio. €"
Bernardo,"5,50 mio. €"
Ozan Kabak,"5,00 mio. €"
Arthur Chaves,"5,00 mio. €"
Robin Hranac,"3,50 mio. €"
Tim Drexler,"3,00 mio. €"
Kevin Akpoguma,"2,50 mio. €"
Stanley Nsoki,"2,50 mio. €"
Alexander Prass,"5,00 mio. €"
Hennes Behrens,350 K €
Valentin Gendrey,"7,00 mio. €"
Anton Stach,"14,00 mio. €"
Leon Avdullahu,"10,00 mio. €"
Florian Grillitsch,"2,00 mio. €"
Luka Hyryläinen,"2,00 mio. €"
Umut Tohumcu,"6,00 mio. €"
Grischa Prömel,"3,00 mio. €"
Dennis Geiger,"2,00 mio. €"
Finn Becker,"2,00 mio. €"
Muhammed Damar,"7,00 mio. €"
Andrej Kramaric,"4,00 mio. €"
Bazoumana Touré,"9,00 mio. €"
Marius Bülter,"2,50 mio. €"
Adam Hlozek,"18,00 mio. €"
Gift Orban,"10,00 mio. €"
Fisnik Asllani,"8,00 mio. €"
Max Moerstedt,"7,00 mio. €"
Tim Lemperle,"5,00 mio. €"
Mergim Berisha,"3,50 mio. €"
Erencan Yardımcı,"2,50 mio. €"
Deniz Zeitler,"1,50 mio. €"
Ihlas Bebou,"1,00 mio. €"
David Mokwa,"1,00 mio. €"
Frederik Rönnow,"3,00 mio. €"
Matheo Raab,600 K €
Carl Klaus,350 K €
Yannic Stein,200 K €
Diogo Leite,"17,00 mio. €"
Danilho Doekhi,"13,00 mio. €"
Leopold Querfeld,"13,00 mio. €"
Oluwaseun Ogbemudia,-
Tom Rothe,"10,00 mio. €"
Andrik Markgraf,-
Josip Juranovic,"4,00 mio. €"
Christopher Trimmel,600 K €
Aljoscha Kemlein,"7,00 mio. €"
Rani Khedira,"2,50 mio. €"
Lucas Tousart,"2,50 mio. €"
Alex Král,"6,00 mio. €"
András Schäfer,"5,00 mio. €"
László Bénes,"3,00 mio. €"
Janik Haberer,"2,50 mio. €"
Robert Skov,"4,00 mio. €"
Woo-yeong Jeong,"4,00 mio. €"
Livan Burcu,"4,00 mio. €"
David Preu,400 K €
Tim Skarke,"2,00 mio. €"
Ilyas Ansah,"4,00 mio. €"
Andrej Ilic,"4,00 mio. €"
Marin Ljubicic,"4,00 mio. €"
Oliver Burke,"3,00 mio. €"
Michele Di Gregorio,"18,00 mio. €"
Mattia Perin,"2,50 mio. €"
Carlo Pinsoglio,200 K €
Bremer,"50,00 mio. €"
Pierre Kalulu,"28,00 mio. €"
Federico Gatti,"24,00 mio. €"
Lloyd Kelly,"16,00 mio. €"
Tiago Djaló,"8,00 mio. €"
Facundo González,"3,00 mio. €"
Daniele Rugani,"3,00 mio. €"
Andrea Cambiaso,"35,00 mio. €"
Juan Cabal,"9,00 mio. €"
Jonas Rouhi,"2,00 mio. €"
Nicolò Savona,"12,00 mio. €"
Alberto Costa,"10,00 mio. €"
Manuel Locatelli,"30,00 mio. €"
Arthur Melo,"5,00 mio. €"
Khéphren Thuram,"40,00 mio. €"
Douglas Luiz,"30,00 mio. €"
Weston McKennie,"22,00 mio. €"
Fabio Miretti,"14,00 mio. €"
Filip Kostić,"5,00 mio. €"
Teun Koopmeiners,"35,00 mio. €"
Vasilije Adžić,"4,00 mio. €"
Kenan Yıldız,"50,00 mio. €"
Samuel Mbangula,"14,00 mio. €"
Nico González,"24,00 mio. €"
Timothy Weah,"17,00 mio. €"
Jonathan David,"45,00 mio. €"
Dušan Vlahović,"35,00 mio. €"
Arkadiusz Milik,"2,00 mio. €"
Lukasz Skorupski,"2,50 mio. €"
Federico Ravaglia,"1,50 mio. €"
Thomas Gillier,"1,20 mio. €"
Sam Beukema,"28,00 mio. €"
Jhon Lucumí,"22,00 mio. €"
Martin Vitík,"11,00 mio. €"
Stefan Posch,"8,00 mio. €"
Nicolò Casale,"6,00 mio. €"
Martin Erlić,"4,00 mio. €"
Mihajlo Ilić,"3,50 mio. €"
Joaquín Sosa,900 K €
Kevin Bonifazi,750 K €
Juan Miranda,"15,00 mio. €"
Tommaso Corazza,"1,50 mio. €"
Charalampos Lykogiannis,"1,50 mio. €"
Emil Holm,"8,00 mio. €"
Lorenzo De Silvestri,800 K €
Nikola Moro,"4,50 mio. €"
Oussama El Azzouzi,"1,40 mio. €"
Lewis Ferguson,"28,00 mio. €"
Michel Aebischer,"7,50 mio. €"
Kacper Urbanski,"6,00 mio. €"
Remo Freuler,"5,00 mio. €"
Jens Odgaard,"12,00 mio. €"
Giovanni Fabbian,"12,00 mio. €"
Benja Domínguez,"15,00 mio. €"
Nicolò Cambiaghi,"8,50 mio. €"
Jesper Karlsson,"4,00 mio. €"
Dan Ndoye,"35,00 mio. €"
Riccardo Orsolini,"25,00 mio. €"
Orji Okwonkwo,250 K €
Santiago Castro,"35,00 mio. €"
Thijs Dallinga,"12,00 mio. €"
Ciro Immobile,"2,20 mio. €"
Tommaso Ebone,275 K €
Caoimhín Kelleher,"20,00 mio. €"
Hákon Rafn Valdimarsson,"2,50 mio. €"
Matthew Cox,800 K €
Ellery Balcombe,400 K €
Julian Eyestone,-
Nathan Collins,"28,00 mio. €"
Sepp van den Berg,"22,00 mio. €"
Kristoffer Ajer,"18,00 mio. €"
Ethan Pinnock,"7,00 mio. €"
Ji-soo Kim,600 K €
Benjamin Arthur,-
Keane Lewis-Potter,"23,00 mio. €"
Rico Henry,"15,00 mio. €"
Jayden Meghoma,500 K €
Michael Kayode,"18,00 mio. €"
Aaron Hickey,"10,00 mio. €"
Mads Roerslev,"6,00 mio. €"
Vitaly Janelt,"20,00 mio. €"
Yunus Emre Konak,"4,50 mio. €"
Jordan Henderson,"2,50 mio. €"
Yegor Yarmolyuk,"15,00 mio. €"
Mathias Jensen,"14,00 mio. €"
Frank Onyeka,"7,00 mio. €"
Paris Maghoma,800 K €
Ryan Trevitt,275 K €
Mikkel Damsgaard,"28,00 mio. €"
Antoni Milambo,"18,00 mio. €"
Fábio Carvalho,"14,00 mio. €"
Kevin Schade,"30,00 mio. €"
Gustavo Nunes,"10,00 mio. €"
Myles Peart-Harris,900 K €
Bryan Mbeumo,"55,00 mio. €"
Romelle Donovan,800 K €
Yoane Wissa,"32,00 mio. €"
Igor Thiago,"18,00 mio. €"
Moritz Nicolas,"5,00 mio. €"
Jonas Omlin,"2,50 mio. €"
Tiago Pereira Cardoso,"1,50 mio. €"
Tobias Sippel,300 K €
Ko Itakura,"12,00 mio. €"
Nico Elvedi,"8,00 mio. €"
Marvin Friedrich,"3,50 mio. €"
Fabio Chiarodia,"2,00 mio. €"
Lukas Ullrich,"8,00 mio. €"
Luca Netz,"6,00 mio. €"
Joe Scally,"10,00 mio. €"
Kevin Diks,"5,00 mio. €"
Julian Weigl,"6,00 mio. €"
Niklas Swider,250 K €
Rocco Reitz,"15,00 mio. €"
Jens Castrop,"6,00 mio. €"
Philipp Sander,"4,00 mio. €"
Florian Neuhaus,"3,50 mio. €"
Oscar Fraulo,"3,50 mio. €"
Kevin Stöger,"3,50 mio. €"
Robin Hack,"12,00 mio. €"
Yvandro Borges Sanches,500 K €
Franck Honorat,"12,00 mio. €"
Nathan Ngoumou,"4,00 mio. €"
Charles Herrmann,300 K €
Tim Kleindienst,"17,00 mio. €"
Tomas Cvancara,"3,00 mio. €"
Haris Tabakovic,"2,50 mio. €"
Shio Fukuda,500 K €
Grant-Leon Ranos,500 K €
Marvin Schwäbe,"2,00 mio. €"
Ron-Robert Zieler,500 K €
Matthias Köbbing,100 K €
Timo Hübers,"3,00 mio. €"
Julian Pauli,"2,50 mio. €"
Joël Schmied,"2,00 mio. €"
Dominique Heintz,800 K €
Luca Kilian,400 K €
Neo Telle,300 K €
Leart Paçarada,"1,50 mio. €"
Jusuf Gazibegovic,"4,00 mio. €"
Sebastian Sebulonsen,"2,50 mio. €"
Eric Martel,"6,00 mio. €"
Jacob Christensen,800 K €
Fayssal Harchaoui,-
Ísak Jóhannesson,"7,00 mio. €"
Tom Krauß,"4,00 mio. €"
Denis Huseinbasic,"2,80 mio. €"
Emin Kujovic,125 K €
Florian Kainz,"1,70 mio. €"
Jakub Kaminski,"5,00 mio. €"
Linton Maina,"4,00 mio. €"
Said El Mala,"3,00 mio. €"
Jan Thielmann,"3,00 mio. €"
Ragnar Ache,"7,00 mio. €"
Luca Waldschmidt,"2,00 mio. €"
Imad Rondic,"1,50 mio. €"
Steffen Tigges,700 K €
Sargis Adamyan,400 K €
Florian Dietz,300 K €
Malek El Mala,250 K €
Daniel Heuer Fernandes,900 K €
Hannes Hermann,150 K €
Fernando Dickes,-
Jordan Torunarigha,"4,00 mio. €"
Aboubaka Soumahoro,"1,80 mio. €"
Sebastian Schonlau,800 K €
Gui Ramos,700 K €
Joel Agyekum,200 K €
Miro Muheim,"4,00 mio. €"
Noah Katterbach,600 K €
William Mikelbrencis,"2,00 mio. €"
Silvan Hefti,"1,00 mio. €"
Daniel Elfadli,"3,50 mio. €"
Jonas Meffert,"1,00 mio. €"
Nicolás Capaldo,"5,00 mio. €"
Nicolai Remberg,"3,00 mio. €"
Lukasz Poreba,"1,00 mio. €"
Anssi Suhonen,450 K €
Immanuel Pherai,"2,00 mio. €"
Bilal Yalcinkaya,300 K €
Jean-Luc Dompé,"3,50 mio. €"
Alexander Røssing-Lelesiit,"2,00 mio. €"
Fabio Baldé,"2,00 mio. €"
Levin Öztunali,300 K €
Emir Sahiti,"2,00 mio. €"
Bakery Jatta,"1,00 mio. €"
Ransford Königsdörffer,"6,00 mio. €"
Yussuf Poulsen,"5,00 mio. €"
Rayan Philippe,"3,50 mio. €"
Robert Glatzel,"3,00 mio. €"
Otto Stange,"2,00 mio. €"
Mile Svilar,"25,00 mio. €"
Pierluigi Gollini,"1,00 mio. €"
Pietro Boer,300 K €
Evan Ndicka,"30,00 mio. €"
Gianluca Mancini,"15,00 mio. €"
Marash Kumbulla,"7,50 mio. €"
Mario Hermoso,"7,00 mio. €"
Angeliño,"20,00 mio. €"
Anass Salah-Eddine,"8,00 mio. €"
Devyne Rensch,"10,00 mio. €"
Zeki Çelik,"6,00 mio. €"
Saud Abdulhamid,"3,00 mio. €"
Mattia Mannini,"1,00 mio. €"
Buba Sangaré,"1,00 mio. €"
Bryan Cristante,"7,00 mio. €"
Ebrima Darboe,"1,00 mio. €"
Manu Koné,"40,00 mio. €"
Niccolò Pisilli,"13,00 mio. €"
Edoardo Bove,"5,00 mio. €"
Tommaso Baldanzi,"12,00 mio. €"
Lorenzo Pellegrini,"9,00 mio. €"
Stephan El Shaarawy,"3,50 mio. €"
Luigi Cherubini,"2,00 mio. €"
Matías Soulé,"30,00 mio. €"
Ola Solbakken,"2,30 mio. €"
Paulo Dybala,"8,00 mio. €"
Artem Dovbyk,"30,00 mio. €"
Zion Suzuki,"20,00 mio. €"
Edoardo Corvi,350 K €
Filippo Rinaldi,325 K €
Giovanni Leoni,"18,00 mio. €"
Alessandro Circati,"8,00 mio. €"
Botond Balogh,"2,40 mio. €"
Lautaro Valenti,"1,50 mio. €"
Peter Amoran,150 K €
Mathias Løvik,"5,00 mio. €"
Emanuele Valeri,"3,00 mio. €"
Enrico Delprato,"6,50 mio. €"
Antoine Hainaut,"1,00 mio. €"
Mandela Keita,"12,00 mio. €"
Nahuel Estévez,"2,00 mio. €"
Adrián Bernabé,"15,00 mio. €"
Christian Ordóñez,"7,00 mio. €"
Simon Sohm,"5,00 mio. €"
Rachid Kouda,"3,30 mio. €"
Hernani,"1,60 mio. €"
Jacob Ondrejka,"8,00 mio. €"
Adrian Benedyczak,"4,50 mio. €"
Valentin Mihăilă,"3,00 mio. €"
Antoine Joujou,"2,00 mio. €"
Tjas Begic,700 K €
Dennis Man,"10,00 mio. €"
Pontus Almqvist,"2,50 mio. €"
Anas Haj Mohamed,"1,80 mio. €"
Anthony Partipilo,500 K €
Mateusz Kowalski,300 K €
Mateo Pellegrino,"6,00 mio. €"
Milan Djuric,"1,50 mio. €"
Gabriel Charpentier,"1,30 mio. €"
Dario Sits,400 K €
Nick Pope,"8,00 mio. €"
Odysseas Vlachodimos,"5,00 mio. €"
Martin Dúbravka,"1,00 mio. €"
Mark Gillespie,200 K €
Sven Botman,"42,00 mio. €"
Fabian Schär,"7,00 mio. €"
Dan Burn,"6,00 mio. €"
Jamaal Lascelles,"4,00 mio. €"
Lewis Hall,"32,00 mio. €"
Matt Targett,"5,00 mio. €"
Alex Murphy,300 K €
Tino Livramento,"40,00 mio. €"
Kieran Trippier,"4,00 mio. €"
Emil Krafth,"2,00 mio. €"
Harrison Ashby,"1,40 mio. €"
Bruno Guimarães,"80,00 mio. €"
Isaac Hayden,700 K €
Sandro Tonali,"60,00 mio. €"
Joelinton,"35,00 mio. €"
Joe Willock,"22,00 mio. €"
Lewis Miley,"22,00 mio. €"
Sean Longstaff,"20,00 mio. €"
Joe White,275 K €
Anthony Gordon,"65,00 mio. €"
Harvey Barnes,"35,00 mio. €"
Antoñito Cordero,"2,00 mio. €"
Anthony Elanga,"42,00 mio. €"
Jacob Murphy,"16,00 mio. €"
Alexander Isak,"120,00 mio. €"
William Osula,"7,00 mio. €"
Illan Meslier,"16,00 mio. €"
Karl Darlow,200 K €
Alex Cairns,100 K €
Ethan Ampadu,"20,00 mio. €"
Jaka Bijol,"18,00 mio. €"
Pascal Struijk,"18,00 mio. €"
Joe Rodon,"10,00 mio. €"
Sebastiaan Bornauw,"6,00 mio. €"
Gabriel Gudmundsson,"7,00 mio. €"
Sam Byram,800 K €
Jayden Bogle,"9,00 mio. €"
Isaac Schmidt,"2,20 mio. €"
Ao Tanaka,"10,00 mio. €"
Ilia Gruev,"5,00 mio. €"
Charlie Crew,150 K €
Darko Gyabi,"1,80 mio. €"
Brenden Aaronson,"15,00 mio. €"
Largie Ramazani,"7,50 mio. €"
Wilfried Gnonto,"22,00 mio. €"
Daniel James,"18,00 mio. €"
Jack Harrison,"14,00 mio. €"
Joël Piroe,"18,00 mio. €"
Sam Greenwood,"4,50 mio. €"
Mateo Joseph,"3,50 mio. €"
Lukas Nmecha,"3,00 mio. €"
Joe Gelhardt,"3,00 mio. €"
Patrick Bamford,"2,00 mio. €"
Jan Oblak,"20,00 mio. €"
Juan Musso,"3,50 mio. €"
Robin Le Normand,"40,00 mio. €"
José María Giménez,"20,00 mio. €"
Clément Lenglet,"7,50 mio. €"
Matteo Ruggeri,"16,00 mio. €"
Javi Galán,"4,00 mio. €"
Nahuel Molina,"20,00 mio. €"
Johnny Cardoso,"25,00 mio. €"
Pablo Barrios,"55,00 mio. €"
Conor Gallagher,"40,00 mio. €"
Rodrigo De Paul,"25,00 mio. €"
Koke,"8,00 mio. €"
Saúl Ñíguez,"3,00 mio. €"
Marcos Llorente,"25,00 mio. €"
Thiago Almada,"25,00 mio. €"
Thomas Lemar,"5,00 mio. €"
Álex Baena,"55,00 mio. €"
Samuel Lino,"22,00 mio. €"
Carlos Martín,"2,80 mio. €"
Giuliano Simeone,"35,00 mio. €"
Julián Alvarez,"100,00 mio. €"
Alexander Sørloth,"25,00 mio. €"
Antoine Griezmann,"18,00 mio. €"
Julen Agirrezabala,"15,00 mio. €"
Stole Dimitrievski,"2,50 mio. €"
Cristian Rivero,100 K €
Cristhian Mosquera,"30,00 mio. €"
César Tárrega,"10,00 mio. €"
Eray Cömert,"2,00 mio. €"
Mouctar Diakhaby,"2,00 mio. €"
Cenk Özkacar,"1,20 mio. €"
José Gayà,"9,00 mio. €"
Jesús Vázquez,"3,00 mio. €"
Thierry Correia,"3,00 mio. €"
Dimitri Foulquier,"1,50 mio. €"
Pepelu,"9,00 mio. €"
Hugo Guillamón,"2,50 mio. €"
Javi Guerra,"25,00 mio. €"
André Almeida,"10,00 mio. €"
Luis Rioja,"2,00 mio. €"
Sergi Canós,"1,00 mio. €"
Diego López,"15,00 mio. €"
Fran Pérez,"3,00 mio. €"
Dani Raba,"2,50 mio. €"
Hugo Duro,"14,00 mio. €"
Alberto Marí,"1,00 mio. €"
Ionuț Radu,"2,50 mio. €"
Iván Villar,900 K €
Javi Rodríguez,"15,00 mio. €"
Carl Starfelt,"6,00 mio. €"
Unai Núñez,"3,00 mio. €"
Carlos Domínguez,"3,00 mio. €"
Joseph Aidoo,"1,20 mio. €"
Yoel Lago,"1,00 mio. €"
Manu Fernández,200 K €
Manu Sánchez,"6,00 mio. €"
Marcos Alonso,"1,50 mio. €"
Mihailo Ristic,900 K €
Óscar Mingueza,"20,00 mio. €"
Sergio Carreira,"4,00 mio. €"
Javi Rueda,800 K €
Damián Rodríguez,"3,00 mio. €"
Fran Beltrán,"8,00 mio. €"
Ilaix Moriba,"6,00 mio. €"
Hugo Sotelo,"4,00 mio. €"
Hugo Álvarez,"7,50 mio. €"
Williot Swedberg,"5,00 mio. €"
Franco Cervi,800 K €
Ferran Jutglà,"8,00 mio. €"
Pablo Durán,"3,50 mio. €"
Iago Aspas,"2,00 mio. €"
Dominik Greif,"6,00 mio. €"
Leo Román,"5,00 mio. €"
Lucas Bergström,700 K €
Iván Cuéllar,100 K €
Martin Valjent,"6,00 mio. €"
José Copete,"3,00 mio. €"
Siebe Van der Heyden,"2,50 mio. €"
Antonio Raíllo,"1,80 mio. €"
David López,500 K €
Johan Mojica,"2,00 mio. €"
Toni Lato,"1,80 mio. €"
Pablo Maffeo,"5,00 mio. €"
Mateu Morey,800 K €
Samú Costa,"15,00 mio. €"
Omar Mascarell,900 K €
Sergi Darder,"4,00 mio. €"
Manu Morlanes,"2,50 mio. €"
Antonio Sánchez,"2,50 mio. €"
Pablo Torre,"6,00 mio. €"
Dani Rodríguez,800 K €
Daniel Luna,500 K €
Javi Llabrés,800 K €
Takuma Asano,"2,50 mio. €"
Vedat Muriqi,"5,00 mio. €"
Cyle Larin,"3,50 mio. €"
Abdón Prats,"1,20 mio. €"
Marc Domènech,"1,00 mio. €"
Augusto Batalla,"6,00 mio. €"
Dani Cárdenas,"1,80 mio. €"
Luiz Felipe,"5,00 mio. €"
Abdul Mumin,"5,00 mio. €"
Florian Lejeune,"2,50 mio. €"
Pelayo Fernández,500 K €
Pep Chavarría,"5,00 mio. €"
Alfonso Espino,"1,20 mio. €"
Andrei Rațiu,"12,00 mio. €"
Iván Balliu,"1,40 mio. €"
Gerard Gumbau,"1,50 mio. €"
Pedro Díaz,"3,00 mio. €"
Unai López,"2,50 mio. €"
Óscar Valentín,"2,50 mio. €"
Pathé Ciss,"2,00 mio. €"
Randy Nteka,"1,50 mio. €"
Oscar Trejo,500 K €
Álvaro García,"2,00 mio. €"
Jorge de Frutos,"4,00 mio. €"
Isi Palazón,"3,50 mio. €"
Sergio Camello,"3,00 mio. €"
Raúl de Tomás,700 K €
Etienne Eto'o,200 K €
Pablo Campos,"1,50 mio. €"
Alfonso Pastor,200 K €
Alan Matturro,"7,00 mio. €"
Matías Moreno,"3,40 mio. €"
Adrián de la Fuente,"1,20 mio. €"
Unai Elgezabal,700 K €
Jorge Cabello,700 K €
Diego Pampín,"1,20 mio. €"
Jeremy Toljan,"2,40 mio. €"
Víctor García,800 K €
Oriol Rey,"1,60 mio. €"
Kervin Arriaga,"1,50 mio. €"
Jon Ander Olasagasti,"4,00 mio. €"
Pablo Martínez,"2,00 mio. €"
Sergio Lozano,"1,50 mio. €"
Óscar Clemente,500 K €
Roger Brugué,"2,00 mio. €"
Carlos Álvarez,"6,00 mio. €"
Carlos Espí,"2,00 mio. €"
Iván Romero,"1,50 mio. €"
José Luis Morales,500 K €
Stefano Turati,"6,50 mio. €"
Gioele Zacchi,600 K €
Giacomo Satalino,400 K €
Alessandro Russo,300 K €
Tarik Muharemović,"7,00 mio. €"
Cas Odenthal,"2,80 mio. €"
Ruan,"2,00 mio. €"
Filippo Romagna,800 K €
Kevin Miranda,350 K €
Josh Doig,"5,00 mio. €"
Edoardo Pieragnolo,"2,40 mio. €"
Filippo Missori,"1,30 mio. €"
Yeferson Paz,450 K €
Daniel Boloca,"7,50 mio. €"
Luca Lipani,"3,50 mio. €"
Andrea Ghion,900 K €
Fabrizio Caligara,900 K €
Edoardo Iannoni,750 K €
Kristian Thorstvedt,"9,00 mio. €"
Cristian Volpato,"6,50 mio. €"
Armand Laurienté,"15,00 mio. €"
Riccardo Ciervo,700 K €
Domenico Berardi,"8,00 mio. €"
Nicholas Pierini,"3,00 mio. €"
Andrea Pinamonti,"15,00 mio. €"
Agustín Álvarez,"4,00 mio. €"
Samuele Mulattieri,"4,00 mio. €"
Laurs Skjellerup,"2,80 mio. €"
Luca Moro,"2,00 mio. €"
Flavio Russo,800 K €
Karl-Johan Johnsson,300 K €
Ismaël Doukouré,"18,00 mio. €"
Abakar Sylla,"10,00 mio. €"
Andrew Omobamidele,"8,00 mio. €"
Soumaïla Coulibaly,"8,00 mio. €"
Saïdou Sow,"6,00 mio. €"
Eduard Sobol,900 K €
Guéla Doué,"18,00 mio. €"
Junior Mwanga,"6,00 mio. €"
Maxi Oyedele,"4,00 mio. €"
Rabby Nzingoula,"2,50 mio. €"
Valentín Barco,"12,00 mio. €"
Mathis Amougou,"10,00 mio. €"
Pape Demba Diop,"1,00 mio. €"
Diego Moreira,"18,00 mio. €"
Sebastian Nanasi,"18,00 mio. €"
Félix Lemaréchal,"10,00 mio. €"
Tidiane Diallo,-
Óscar Perea,"2,00 mio. €"
Aboubacar Ali,200 K €
Dilane Bakwa,"25,00 mio. €"
Samuel Amo-Ameyaw,"4,00 mio. €"
Abdoul Ouattara,"1,20 mio. €"
Emanuel Emegha,"25,00 mio. €"
Milos Lukovic,"5,00 mio. €"
Sékou Mara,"5,00 mio. €"
Moïse Sahi Dion,"1,00 mio. €"
Brice Samba,"12,00 mio. €"
Doğan Alemdar,"1,50 mio. €"
Gauthier Gallon,800 K €
Leo Østigård,"10,00 mio. €"
Lilian Brassier,"10,00 mio. €"
Anthony Rouault,"10,00 mio. €"
Jérémy Jacquet,"10,00 mio. €"
Alidu Seidu,"9,00 mio. €"
Christopher Wooh,"6,00 mio. €"
Mikayil Faye,"6,00 mio. €"
Warmed Omari,"3,00 mio. €"
Mohamed Jaouab,800 K €
Abdelhamid Ait Boudlal,500 K €
Mahamadou Nagida,800 K €
Hans Hateboer,"2,50 mio. €"
Rayan Bamba,400 K €
Baptiste Santamaria,"7,00 mio. €"
Seko Fofana,"10,00 mio. €"
Jordan James,"8,00 mio. €"
Djaoui Cissé,"8,00 mio. €"
Glen Kamara,"5,00 mio. €"
Ayanda Sishuba,"1,50 mio. €"
Kazeem Olaigbe,"5,00 mio. €"
Ibrahim Salah,"3,00 mio. €"
Ludovic Blas,"18,00 mio. €"
Fabian Rieder,"6,00 mio. €"
Mousa Tamari,"6,00 mio. €"
Carlos Andrés Gómez,"4,00 mio. €"
Arnaud Kalimuendo,"22,00 mio. €"
Mohamed Kader Meïté,"5,00 mio. €"
Bertuğ Yıldırım,"2,00 mio. €"
Alan Do Marcolino,100 K €
Guillaume Restes,"20,00 mio. €"
Kjetil Haug,600 K €
Álex Domínguez,300 K €
Charlie Cresswell,"10,00 mio. €"
Mark McKenzie,"6,00 mio. €"
Rasmus Nicolaisen,"4,50 mio. €"
Jaydee Canvot,"4,00 mio. €"
Ylies Aradj,-
Warren Kamanzi,"2,00 mio. €"
Djibril Sidibé,"1,00 mio. €"
Cristian Cásseres Jr.,"6,00 mio. €"
Vincent Sierro,"4,00 mio. €"
Niklas Schmidt,"1,80 mio. €"
Rafik Messali,800 K €
Aron Dønnum,"4,00 mio. €"
Mario Sauer,"2,00 mio. €"
Mathis Saka,50 K €
Yann Gboho,"8,00 mio. €"
Ibrahim Cissoko,"1,50 mio. €"
Zakaria Aboukhlal,"12,00 mio. €"
Shavy Babicka,"2,50 mio. €"
Noah Edjouma,800 K €
Frank Magri,"3,00 mio. €"
Said Hamulic,400 K €
Matz Sels,"7,00 mio. €"
Carlos Miguel,"4,00 mio. €"
Matt Turner,"2,50 mio. €"
Murillo,"55,00 mio. €"
Nikola Milenković,"35,00 mio. €"
Morato,"14,00 mio. €"
Jair Cunha,"13,00 mio. €"
David Carmo,"10,00 mio. €"
Willy Boly,"1,50 mio. €"
Omar Richards,"2,50 mio. €"
Ola Aina,"22,00 mio. €"
Neco Williams,"20,00 mio. €"
Ibrahim Sangaré,"24,00 mio. €"
Marko Stamenic,"3,00 mio. €"
Elliot Anderson,"32,00 mio. €"
Nicolás Domínguez,"18,00 mio. €"
Ryan Yates,"12,00 mio. €"
Lewis O'Brien,"4,00 mio. €"
Eric da Silva Moreira,"1,00 mio. €"
Morgan Gibbs-White,"50,00 mio. €"
Callum Hudson-Odoi,"25,00 mio. €"
Jota Silva,"15,00 mio. €"
Josh Bowler,"1,00 mio. €"
Taiwo Awoniyi,"16,00 mio. €"
Igor Jesus,"15,00 mio. €"
Chris Wood,"10,00 mio. €"
Emmanuel Dennis,"2,50 mio. €"
Alphonse Areola,"9,00 mio. €"
Wes Foderingham,600 K €
Krisztián Hegyi,450 K €
Maximilian Kilman,"25,00 mio. €"
Jean-Clair Todibo,"25,00 mio. €"
Nayef Aguerd,"18,00 mio. €"
Konstantinos Mavropanos,"17,00 mio. €"
Kaelan Casey,"1,00 mio. €"
Emerson,"10,00 mio. €"
Oliver Scarles,"8,00 mio. €"
Aaron Wan-Bissaka,"24,00 mio. €"
Edson Álvarez,"25,00 mio. €"
Tomas Soucek,"18,00 mio. €"
Guido Rodríguez,"10,00 mio. €"
Freddie Potts,"1,40 mio. €"
James Ward-Prowse,"8,00 mio. €"
Andrew Irving,"4,00 mio. €"
Lewis Orford,400 K €
Mohamadou Kanté,200 K €
El Hadji Malick Diouf,"18,00 mio. €"
Lucas Paquetá,"28,00 mio. €"
George Earthy,"2,00 mio. €"
Crysencio Summerville,"22,00 mio. €"
Maxwel Cornet,"8,00 mio. €"
Jarrod Bowen,"40,00 mio. €"
Luis Guilherme,"15,00 mio. €"
Niclas Füllkrug,"10,00 mio. €"
Callum Marshall,"1,80 mio. €"
Bernd Leno,"10,00 mio. €"
Steven Benda,"1,00 mio. €"
Joachim Andersen,"27,00 mio. €"
Calvin Bassey,"25,00 mio. €"
Issa Diop,"14,00 mio. €"
Jorge Cuenca,"5,00 mio. €"
Antonee Robinson,"35,00 mio. €"
Ryan Sessegnon,"15,00 mio. €"
Kenny Tete,"13,00 mio. €"
Timothy Castagne,"13,00 mio. €"
Sander Berge,"25,00 mio. €"
Saša Lukić,"14,00 mio. €"
Harrison Reed,"6,00 mio. €"
Tom Cairney,"1,50 mio. €"
Josh King,"1,00 mio. €"
Emile Smith Rowe,"30,00 mio. €"
Andreas Pereira,"18,00 mio. €"
Luke Harris,"1,00 mio. €"
Alex Iwobi,"28,00 mio. €"
Martial Godo,600 K €
Harry Wilson,"15,00 mio. €"
Adama Traoré,"9,00 mio. €"
Rodrigo Muniz,"20,00 mio. €"
Raúl Jiménez,"5,00 mio. €"
Jordan Pickford,"18,00 mio. €"
Mark Travers,"4,00 mio. €"
Harry Tyrer,400 K €
Jarrad Branthwaite,"50,00 mio. €"
James Tarkowski,"9,00 mio. €"
Michael Keane,"5,00 mio. €"
Vitaliy Mykolenko,"28,00 mio. €"
Jake O'Brien,"18,00 mio. €"
Nathan Patterson,"15,00 mio. €"
Séamus Coleman,500 K €
James Garner,"18,00 mio. €"
Idrissa Gueye,"1,50 mio. €"
Carlos Alcaraz,"14,00 mio. €"
Tim Iroegbunam,"9,00 mio. €"
Harrison Armstrong,800 K €
Dwight McNeil,"25,00 mio. €"
Iliman Ndiaye,"22,00 mio. €"
Beto,"22,00 mio. €"
Thierno Barry,"20,00 mio. €"
Chermiti,"8,00 mio. €"
Anthony Patterson,"14,00 mio. €"
Blondy Nna Noukeu,150 K €
Simon Moore,150 K €
Daniel Ballard,"8,00 mio. €"
Jenson Seelt,"2,00 mio. €"
Luke O'Nien,"1,50 mio. €"
Aji Alese,"1,00 mio. €"
Joe Anderson,175 K €
Dennis Cirkin,"8,00 mio. €"
Reinildo Mandava,"5,00 mio. €"
Leo Fuhr Hjelde,"2,00 mio. €"
Trai Hume,"12,00 mio. €"
Timothée Pembélé,"2,50 mio. €"
Niall Huggins,800 K €
Pierre Ekwah,"7,00 mio. €"
Nectarios Triantis,"1,00 mio. €"
Habib Diarra,"20,00 mio. €"
Enzo Le Fée,"18,00 mio. €"
Noah Sadiki,"12,00 mio. €"
Dan Neil,"7,50 mio. €"
Alan Browne,"2,20 mio. €"
Milan Aleksic,700 K €
Jay Matete,400 K €
Abdoullah Ba,"2,50 mio. €"
Chris Rigg,"20,00 mio. €"
Simon Adingra,"28,00 mio. €"
Romaine Mundle,"6,00 mio. €"
Chemsdine Talbi,"8,00 mio. €"
Patrick Roberts,"5,00 mio. €"
Ian Poveda,900 K €
Eliezer Mayenda,"12,00 mio. €"
Wilson Isidor,"12,00 mio. €"
Nazariy Rusyn,"1,00 mio. €"
Ahmed Abdullahi,"1,00 mio. €"
Luís Semedo,500 K €
Thibaut Courtois,"20,00 mio. €"
Andriy Lunin,"18,00 mio. €"
Fran González,400 K €
Dean Huijsen,"60,00 mio. €"
Raúl Asencio,"40,00 mio. €"
Éder Militão,"30,00 mio. €"
Antonio Rüdiger,"20,00 mio. €"
David Alaba,"6,00 mio. €"
Álvaro Carreras,"35,00 mio. €"
Fran García,"18,00 mio. €"
Ferland Mendy,"14,00 mio. €"
Trent Alexander-Arnold,"75,00 mio. €"
Daniel Carvajal,"8,00 mio. €"
Aurélien Tchouaméni,"75,00 mio. €"
Mario Martín,"1,50 mio. €"
Federico Valverde,"130,00 mio. €"
Eduardo Camavinga,"60,00 mio. €"
Dani Ceballos,"10,00 mio. €"
Jude Bellingham,"180,00 mio. €"
Reinier,"1,50 mio. €"
Vinicius Junior,"170,00 mio. €"
Rodrygo,"90,00 mio. €"
Arda Güler,"45,00 mio. €"
Brahim Díaz,"40,00 mio. €"
Kylian Mbappé,"180,00 mio. €"
Endrick,"35,00 mio. €"
Gonzalo García,"8,00 mio. €"
Álvaro Rodríguez,"2,50 mio. €"
Unai Simón,"28,00 mio. €"
Álex Padilla,"3,00 mio. €"
Dani Vivian,"40,00 mio. €"
Aitor Paredes,"22,00 mio. €"
Yeray Álvarez,"7,00 mio. €"
Unai Egiluz,600 K €
Adama Boiro,"2,50 mio. €"
Yuri Berchiche,"1,40 mio. €"
Andoni Gorosabel,"5,00 mio. €"
Hugo Rincón,"2,00 mio. €"
Iñigo Lekue,"2,00 mio. €"
Mikel Vesga,"2,50 mio. €"
Mikel Jauregizar,"30,00 mio. €"
Beñat Prados,"18,00 mio. €"
Iñigo Ruiz de Galarreta,"3,00 mio. €"
Unai Vencedor,"2,20 mio. €"
Oihan Sancet,"60,00 mio. €"
Unai Gómez,"6,00 mio. €"
Peio Canales,"1,00 mio. €"
Nico Williams,"70,00 mio. €"
Álex Berenguer,"9,00 mio. €"
Álvaro Djaló,"5,00 mio. €"
Nico Serrano,"1,20 mio. €"
Iñaki Williams,"15,00 mio. €"
Robert Navarro,"6,00 mio. €"
Adu Ares,"1,60 mio. €"
Maroan Sannadi,"10,00 mio. €"
Gorka Guruzeta,"9,00 mio. €"
Urko Izeta,"2,00 mio. €"
Luiz Júnior,"10,00 mio. €"
Diego Conde,"7,50 mio. €"
Logan Costa,"18,00 mio. €"
Rafa Marín,"7,00 mio. €"
Willy Kambwala,"4,00 mio. €"
Pau Navarro,"3,00 mio. €"
Sergi Cardona,"10,00 mio. €"
Alfonso Pedraza,"2,50 mio. €"
Juan Foyth,"15,00 mio. €"
Adrià Altimira,"1,50 mio. €"
Pape Gueye,"15,00 mio. €"
Santi Comesaña,"8,00 mio. €"
Dani Parejo,"1,50 mio. €"
Denis Suárez,"1,20 mio. €"
Alberto Moleiro,"25,00 mio. €"
Arnaut Danjuma,"4,00 mio. €"
Yéremy Pino,"30,00 mio. €"
Ilias Akhomach,"15,00 mio. €"
Nicolas Pépé,"6,00 mio. €"
Ayoze Pérez,"10,00 mio. €"
Etta Eyong,"5,00 mio. €"
Gerard Moreno,"4,00 mio. €"
Jorge Pascual,"1,20 mio. €"
Pau Cabanes,800 K €
Álvaro Fernández,"2,00 mio. €"
Ørjan Nyland,900 K €
Loïc Badé,"25,00 mio. €"
Kike Salas,"8,00 mio. €"
Marcão,"2,00 mio. €"
Tanguy Nianzou,"1,50 mio. €"
Ramón Martínez,"1,00 mio. €"
Adrià Pedrosa,"7,00 mio. €"
Gabriel Suazo,"4,00 mio. €"
José Ángel Carmona,"12,00 mio. €"
Juanlu Sánchez,"12,00 mio. €"
Lucien Agoumé,"8,00 mio. €"
Nemanja Gudelj,"3,00 mio. €"
Djibril Sow,"7,50 mio. €"
Joan Jordán,"2,50 mio. €"
Manu Bueno,"1,50 mio. €"
Stanis Idumbo,"2,50 mio. €"
Rubén Vargas,"7,00 mio. €"
Alfon González,"5,00 mio. €"
Chidera Ejuke,"4,00 mio. €"
Dodi Lukébakio,"20,00 mio. €"
Adnan Januzaj,"1,20 mio. €"
Peque Fernández,"3,50 mio. €"
Isaac Romero,"6,00 mio. €"
Akor Adams,"5,00 mio. €"
Kelechi Iheanacho,"4,50 mio. €"
Rafa Mir,800 K €
Sergio Herrera,"3,00 mio. €"
Aitor Fernández,700 K €
Enzo Boyomo,"20,00 mio. €"
Jorge Herrando,"4,00 mio. €"
Alejandro Catena,"3,00 mio. €"
Abel Bretones,"4,00 mio. €"
Juan Cruz,"1,50 mio. €"
Jesús Areso,"12,00 mio. €"
Valentin Rosier,"3,00 mio. €"
Lucas Torró,"3,00 mio. €"
Iker Muñoz,"3,00 mio. €"
Jon Moncayola,"7,00 mio. €"
Aimar Oroz,"15,00 mio. €"
Moi Gómez,"2,00 mio. €"
Víctor Muñoz,"1,00 mio. €"
Ander Yoldi,400 K €
Rubén García,"2,00 mio. €"
Iker Benito,"1,50 mio. €"
Kike Barja,"1,50 mio. €"
Ante Budimir,"5,00 mio. €"
Raúl García,"3,00 mio. €"
Antonio Sivera,"6,00 mio. €"
Raúl Fernández,200 K €
Adrián Rodríguez,200 K €
Santiago Mouriño,"3,00 mio. €"
Facundo Garcés,"2,00 mio. €"
Moussa Diarra,"1,80 mio. €"
Nikola Maras,"1,00 mio. €"
Victor Parada,500 K €
Youssef Enríquez,500 K €
Jonny Otto,"3,00 mio. €"
Nahuel Tenaglia,"3,00 mio. €"
Hugo Novoa,"1,50 mio. €"
Antonio Blanco,"10,00 mio. €"
Carlos Protesoni,"1,20 mio. €"
Ander Guevara,"3,50 mio. €"
Jon Guridi,"3,00 mio. €"
Pablo Ibáñez,"2,00 mio. €"
Abde Rebbach,700 K €
Carlos Vicente,"10,00 mio. €"
Joaquín Panichelli,"7,00 mio. €"
Toni Martínez,"2,50 mio. €"
Asier Villalibre,"1,20 mio. €"
Horațiu Moldovan,"2,20 mio. €"
Aarón Escandell,"1,00 mio. €"
David Costas,"1,40 mio. €"
Dani Calvo,"1,20 mio. €"
Oier Luengo,"1,00 mio. €"
Rahim Alhassane,"1,20 mio. €"
Carlos Pomares,300 K €
Nacho Vidal,"1,80 mio. €"
Lucas Ahijado,800 K €
Álvaro Lemos,500 K €
Santiago Colombatto,"3,00 mio. €"
Alberto Reina,"1,50 mio. €"
Kwasi Sibo,"1,00 mio. €"
Alberto del Moral,800 K €
Yayo González,250 K €
Santi Cazorla,200 K €
Brandon Dominguès,700 K €
Álex Cardero,400 K €
Ilyas Chaira,"2,50 mio. €"
Borja Sánchez,"1,00 mio. €"
Haissem Hassan,"2,50 mio. €"
Paulino de la Fuente,"1,40 mio. €"
Federico Viñas,"2,00 mio. €"
Daniel Paraschiv,"1,00 mio. €"
Salomón Rondón,750 K €
Gregor Kobel,"40,00 mio. €"
Diant Ramaj,"7,00 mio. €"
Alexander Meyer,800 K €
Patrick Drewes,500 K €
Silas Ostrzinski,200 K €
Nico Schlotterbeck,"40,00 mio. €"
Waldemar Anton,"18,00 mio. €"
Niklas Süle,"8,00 mio. €"
Filippo Mané,600 K €
Daniel Svensson,"12,00 mio. €"
Ramy Bensebaini,"7,00 mio. €"
Almugera Kabar,"1,00 mio. €"
Yan Couto,"20,00 mio. €"
Julian Ryerson,"20,00 mio. €"
Emre Can,"7,00 mio. €"
Salih Özcan,"4,00 mio. €"
Felix Nmecha,"28,00 mio. €"
Jobe Bellingham,"22,00 mio. €"
Marcel Sabitzer,"8,00 mio. €"
Pascal Groß,"5,00 mio. €"
Julian Brandt,"25,00 mio. €"
Giovanni Reyna,"7,00 mio. €"
Julien Duranville,"8,50 mio. €"
Karim Adeyemi,"45,00 mio. €"
Cole Campbell,"1,50 mio. €"
Serhou Guirassy,"45,00 mio. €"
Maximilian Beier,"25,00 mio. €"
Sébastien Haller,"3,00 mio. €"
Radoslaw Majecki,"6,00 mio. €"
Philipp Köhn,"5,00 mio. €"
Yann Lienard,100 K €
Wilfried Singo,"25,00 mio. €"
Thilo Kehrer,"20,00 mio. €"
Christian Mawissa,"15,00 mio. €"
Mohammed Salisu,"12,00 mio. €"
Eric Dier,"8,00 mio. €"
Caio Henrique,"15,00 mio. €"
Kassoum Ouattara,"7,00 mio. €"
Vanderson,"20,00 mio. €"
Jordan Teze,"9,00 mio. €"
Denis Zakaria,"30,00 mio. €"
Soungoutou Magassa,"12,00 mio. €"
Lamine Camara,"22,00 mio. €"
Paul Pogba,"5,00 mio. €"
Aleksandr Golovin,"20,00 mio. €"
Eliesse Ben Seghir,"28,00 mio. €"
Takumi Minamino,"15,00 mio. €"
Ansu Fati,"5,00 mio. €"
Lucas Michal,500 K €
Maghnes Akliouche,"45,00 mio. €"
Krépin Diatta,"7,00 mio. €"
Mika Biereth,"30,00 mio. €"
Folarin Balogun,"18,00 mio. €"
George Ilenikhena,"15,00 mio. €"
Breel Embolo,"12,00 mio. €"
Myron Boadu,"7,00 mio. €"
Paris Brunner,"1,50 mio. €"
Anthony Lopes,"1,20 mio. €"
Patrik Carlgren,600 K €
Alexis Mirbach,100 K €
Nathan Zézé,"15,00 mio. €"
Jean-Charles Castelletto,"3,50 mio. €"
Jean-Kévin Duverne,"2,50 mio. €"
Uros Radakovic,650 K €
Nicolas Cozza,"3,50 mio. €"
Kelvin Amian,"2,50 mio. €"
Fabien Centonze,"1,80 mio. €"
Johann Lepenant,"6,00 mio. €"
Lamine Diack,900 K €
Francis Coquelin,900 K €
Bahmed Deuff,-
Dehmaine Tabibou,200 K €
Louis Leroux,"4,00 mio. €"
Herba Guirassy,"1,00 mio. €"
Yassine Benhattab,900 K €
Matthis Abline,"18,00 mio. €"
Mostafa Mohamed,"5,00 mio. €"
Tino Kadewere,"2,50 mio. €"
Youssef El Arabi,150 K €
Grégoire Coudert,500 K €
Noah Jauny,-
Brendan Chardonnet,"6,00 mio. €"
Junior Diaz,"4,00 mio. €"
Julien Le Cardinal,"2,00 mio. €"
Bradley Locko,"9,00 mio. €"
Justin Bourgault,800 K €
Luck Zogbé,"2,50 mio. €"
Kenny Lala,"2,00 mio. €"
Pierre Lees-Melou,"6,00 mio. €"
Hamidou Makalou,300 K €
Mahdi Camara,"9,00 mio. €"
Hugo Magnetti,"6,00 mio. €"
Hianga'a Mbock,400 K €
Kamory Doumbia,"4,00 mio. €"
Axel Camblan,500 K €
Romain Del Castillo,"7,00 mio. €"
Ludovic Ajorque,"4,00 mio. €"
Mama Baldé,"4,00 mio. €"
Benjamin Leroy,150 K €
Gaël Alette,-
Isaak Touré,"7,00 mio. €"
Montassar Talbi,"6,00 mio. €"
Formose Mendy,"2,50 mio. €"
Nathaniel Adjei,"1,50 mio. €"
Enzo Genton,100 K €
Izak Akakpo,50 K €
Darlin Yongwa,"4,00 mio. €"
Gédéon Kalulu,"2,00 mio. €"
Igor Silva,"1,00 mio. €"
Dembo Sylla,500 K €
Laurent Abergel,"2,50 mio. €"
Arthur Avom,"5,00 mio. €"
Jean-Victor Makengo,"2,50 mio. €"
Noah Cadiou,"1,20 mio. €"
Panos Katseris,"2,50 mio. €"
Théo Le Bris,"1,50 mio. €"
Bandiougou Fadiga,300 K €
Joel Mvuka,"2,50 mio. €"
Mohamed Bamba,"5,00 mio. €"
Pablo Pagis,"3,50 mio. €"
Bamba Dieng,"3,00 mio. €"
Sambou Soumano,"2,50 mio. €"
Aiyegun Tosin,"2,00 mio. €"
Siriné Doucouré,600 K €
Bassirou N'Diaye,200 K €
David Soria,"3,00 mio. €"
Jiri Letacek,"2,00 mio. €"
Omar Alderete,"8,00 mio. €"
Djené,"1,80 mio. €"
Juan Berrocal,"1,50 mio. €"
Domingos Duarte,800 K €
Diego Rico,"1,20 mio. €"
Davinchi,300 K €
Juan Iglesias,"3,50 mio. €"
Kiko Femenía,900 K €
Ismael Bekhoucha,300 K €
Yvan Neyou,"3,00 mio. €"
Mauro Arambarri,"12,00 mio. €"
Luis Milla,"3,50 mio. €"
Carles Aleñá,"2,50 mio. €"
Javi Muñoz,"2,00 mio. €"
Christantus Uche,"15,00 mio. €"
Alberto Risco,200 K €
Coba da Costa,"3,00 mio. €"
Juanmi,"2,00 mio. €"
Adrián Liso,"2,00 mio. €"
Álex Sola,"2,50 mio. €"
Álex Sancris,"2,00 mio. €"
Peter Federico,"1,20 mio. €"
Borja Mayoral,"7,50 mio. €"
Marko Dmitrovic,800 K €
Ángel Fortuño,300 K €
Miguel Rubio,"2,00 mio. €"
Fernando Calero,"1,50 mio. €"
Leandro Cabrera,"1,00 mio. €"
Hugo Pérez,200 K €
Pablo Ramón,100 K €
Carlos Romero,"5,00 mio. €"
José Salinas,"3,00 mio. €"
Omar El Hilali,"15,00 mio. €"
Rubén Sánchez,"1,00 mio. €"
Pol Lozano,"5,00 mio. €"
Ramón Terrats,"4,00 mio. €"
Edu Expósito,"3,00 mio. €"
José Gragera,"2,00 mio. €"
Justin Smith,300 K €
Rafel Bauzà,200 K €
Javi Hernández,500 K €
Javi Puado,"10,00 mio. €"
Pere Milla,"1,20 mio. €"
Jofre Carreras,"3,00 mio. €"
Antoniu Roca,"1,80 mio. €"
Roberto Fernández,"6,00 mio. €"
Kike García,900 K €
Gastón Valles,600 K €
Marcos Fernández,400 K €
Kevin Trapp,"2,50 mio. €"
Kauã Santos,"2,50 mio. €"
Jens Grahl,200 K €
Arthur Theate,"24,00 mio. €"
Robin Koch,"18,00 mio. €"
Tuta,"15,00 mio. €"
Nnamdi Collins,"10,00 mio. €"
Aurèle Amenda,"7,50 mio. €"
Hrvoje Smolcic,"2,00 mio. €"
Nathaniel Brown,"22,00 mio. €"
Niels Nkounkou,"3,50 mio. €"
Rasmus Kristensen,"14,00 mio. €"
Elias Baum,"8,00 mio. €"
Aurélio Buta,"5,00 mio. €"
Timothy Chandler,350 K €
Ellyes Skhiri,"7,50 mio. €"
Noah Fenyö,350 K €
Hugo Larsson,"40,00 mio. €"
Paxten Aaronson,"8,00 mio. €"
Oscar Højlund,"7,50 mio. €"
Mahmoud Dahoud,"3,50 mio. €"
Junior Dina Ebimbe,"6,00 mio. €"
Can Uzun,"18,00 mio. €"
Farès Chaïbi,"9,00 mio. €"
Mario Götze,"4,00 mio. €"
Krisztián Lisztes,"2,00 mio. €"
Jean-Mattéo Bahoya,"17,00 mio. €"
Ansgar Knauff,"15,00 mio. €"
Hugo Ekitiké,"75,00 mio. €"
Jonathan Burkardt,"35,00 mio. €"
Elye Wahi,"22,00 mio. €"
Michy Batshuayi,"4,00 mio. €"
Jessic Ngankam,"1,00 mio. €"
Kamil Grabara,"14,00 mio. €"
Marius Müller,"1,50 mio. €"
Pavao Pervan,300 K €
Jakub Zielinski,-
Konstantinos Koulierakis,"25,00 mio. €"
Denis Vavro,"7,00 mio. €"
Moritz Jenz,"5,00 mio. €"
David Odogu,"1,50 mio. €"
Mathys Angély,600 K €
Joakim Maehle,"14,00 mio. €"
Rogério,"2,50 mio. €"
Kilian Fischer,"6,00 mio. €"
Vini Souza,"15,00 mio. €"
Mattias Svanberg,"12,00 mio. €"
Aster Vranckx,"7,00 mio. €"
Maximilian Arnold,"5,00 mio. €"
Yannick Gerhardt,"2,50 mio. €"
Kevin Paredes,"7,50 mio. €"
Aaron Zehnter,"6,00 mio. €"
Lovro Majer,"17,00 mio. €"
Bence Dárdai,"12,00 mio. €"
David Leal Costa,-
Patrick Wimmer,"15,00 mio. €"
Andreas Skov Olsen,"14,00 mio. €"
Vaclav Cerny,"8,00 mio. €"
Mohamed Amoura,"32,00 mio. €"
Tiago Tomás,"12,00 mio. €"
Jonas Wind,"12,00 mio. €"
Dzenan Pejcinovic,"4,00 mio. €"
Noah Atubolu,"18,00 mio. €"
Florian Müller,"1,20 mio. €"
Jannik Huth,400 K €
Philipp Lienhart,"12,00 mio. €"
Max Rosenfelder,"8,00 mio. €"
Matthias Ginter,"7,00 mio. €"
Anthony Jung,"1,00 mio. €"
Bruno Ogbus,"1,00 mio. €"
Jordy Makengo,"6,00 mio. €"
Christian Günter,"3,50 mio. €"
Philipp Treu,"5,00 mio. €"
Lukas Kübler,"1,50 mio. €"
Patrick Osterhage,"10,00 mio. €"
Nicolas Höfler,500 K €
Maximilian Eggestein,"10,00 mio. €"
Johan Manzambi,"8,00 mio. €"
Merlin Röhl,"12,00 mio. €"
Yuito Suzuki,"10,00 mio. €"
Florent Muslija,"1,80 mio. €"
Daniel-Kofi Kyereh,800 K €
Niklas Beste,"7,00 mio. €"
Vincenzo Grifo,"6,00 mio. €"
Noah Weißhaupt,"5,00 mio. €"
Derry Scherhant,"4,00 mio. €"
Ritsu Doan,"25,00 mio. €"
Eren Dinkçi,"8,00 mio. €"
Cyriaque Irié,"8,00 mio. €"
Maximilian Philipp,800 K €
Junior Adamu,"5,00 mio. €"
Igor Matanovic,"5,00 mio. €"
Lucas Höler,"3,00 mio. €"
Michael Gregoritsch,"3,00 mio. €"
Robin Zentner,"4,00 mio. €"
Lasse Rieß,400 K €
Daniel Batz,250 K €
Andreas Hanche-Olsen,"6,00 mio. €"
Dominik Kohr,"3,50 mio. €"
Maxim Leitsch,"1,50 mio. €"
Danny da Costa,"1,50 mio. €"
Stefan Bell,800 K €
Konstantin Schopp,400 K €
Maxim Dal,150 K €
Phillipp Mwene,"1,80 mio. €"
Kasey Bos,450 K €
Anthony Caci,"12,00 mio. €"
Nikolas Veratschnig,"1,50 mio. €"
Silvan Widmer,"1,20 mio. €"
Kaishu Sano,"20,00 mio. €"
Lennard Maloney,"3,50 mio. €"
Sota Kawasaki,"1,20 mio. €"
Niklas Tauer,500 K €
Nadiem Amiri,"20,00 mio. €"
Daniel Gleiber,225 K €
Paul Nebel,"24,00 mio. €"
Hyun-seok Hong,"3,50 mio. €"
Jae-sung Lee,"2,50 mio. €"
Marco Richter,"1,50 mio. €"
Arnaud Nordin,"5,00 mio. €"
Armindo Sieb,"3,00 mio. €"
Benedict Hollerbach,"12,00 mio. €"
Nelson Weiper,"10,00 mio. €"
Ben Bobzien,"1,20 mio. €"
David de Gea,"5,00 mio. €"
Tommaso Martinelli,"1,80 mio. €"
Oliver Christensen,"1,50 mio. €"
Pietro Comuzzo,"25,00 mio. €"
Luca Ranieri,"12,00 mio. €"
Marin Pongracic,"10,00 mio. €"
Nicolás Valentini,"6,00 mio. €"
Mattia Viti,"5,50 mio. €"
Pablo Marí,"3,50 mio. €"
Niccolò Fortini,"8,50 mio. €"
Robin Gosens,"8,00 mio. €"
Fabiano Parisi,"6,00 mio. €"
Dodô,"24,00 mio. €"
Rolando Mandragora,"12,00 mio. €"
Lorenzo Amatucci,"3,50 mio. €"
Nicolò Fagioli,"18,00 mio. €"
Jacopo Fazzini,"10,00 mio. €"
Amir Richardson,"8,50 mio. €"
Alessandro Bianco,"5,00 mio. €"
Cher Ndour,"5,00 mio. €"
Gino Infantino,"2,00 mio. €"
Costantino Favasuli,"1,40 mio. €"
Lucas Beltrán,"18,00 mio. €"
Antonín Barák,"2,50 mio. €"
Abdelhamid Sabiri,"1,70 mio. €"
Riccardo Sottil,"5,00 mio. €"
Josip Brekalo,"3,30 mio. €"
Jonathan Ikoné,"7,00 mio. €"
Albert Gudmundsson,"18,00 mio. €"
Moise Kean,"50,00 mio. €"
M'Bala Nzola,"6,00 mio. €"
Christian Kouamé,"4,00 mio. €"
Edin Džeko,"1,60 mio. €"
Jonas Urbig,"12,00 mio. €"
Manuel Neuer,"4,00 mio. €"
Daniel Peretz,"3,00 mio. €"
Leon Klanac,-
Dayot Upamecano,"50,00 mio. €"
Min-jae Kim,"40,00 mio. €"
Jonathan Tah,"30,00 mio. €"
Hiroki Ito,"25,00 mio. €"
Tarek Buchmann,500 K €
Alphonso Davies,"50,00 mio. €"
Raphaël Guerreiro,"8,00 mio. €"
Adam Aznou,"4,00 mio. €"
Josip Stanisic,"32,00 mio. €"
Konrad Laimer,"25,00 mio. €"
Sacha Boey,"18,00 mio. €"
Aleksandar Pavlovic,"55,00 mio. €"
Joshua Kimmich,"45,00 mio. €"
João Palhinha,"30,00 mio. €"
David Santos Daiber,-
Tom Bischof,"30,00 mio. €"
Leon Goretzka,"22,00 mio. €"
Jamal Musiala,"140,00 mio. €"
Paul Wanner,"18,00 mio. €"
Lovro Zvonarek,"1,50 mio. €"
Lennart Karl,"1,50 mio. €"
Kingsley Coman,"30,00 mio. €"
Serge Gnabry,"22,00 mio. €"
Bryan Zaragoza,"12,00 mio. €"
Michael Olise,"100,00 mio. €"
Thomas Müller,"6,00 mio. €"
Harry Kane,"75,00 mio. €"
Jonah Kusi-Asare,"2,50 mio. €"
Alexander Nübel,"12,00 mio. €"
Fabian Bredlow,800 K €
Stefan Drljaca,325 K €
Finn Jeltsch,"20,00 mio. €"
Jeff Chabot,"12,00 mio. €"
Ameen Al-Dakhil,"7,50 mio. €"
Luca Jaquez,"6,00 mio. €"
Anrie Chase,"3,00 mio. €"
Dan-Axel Zagadou,"2,00 mio. €"
Maximilian Mittelstädt,"20,00 mio. €"
Ramon Hendriks,"5,00 mio. €"
Josha Vagnoman,"10,00 mio. €"
Lorenz Assignon,"9,00 mio. €"
Leonidas Stergiou,"5,00 mio. €"
Pascal Stenzel,"2,00 mio. €"
Angelo Stiller,"45,00 mio. €"
Atakan Karazor,"12,00 mio. €"
Yannik Keitel,"3,50 mio. €"
Nikolas Nartey,400 K €
Enzo Millot,"35,00 mio. €"
Noah Darvich,"2,00 mio. €"
Chris Führich,"15,00 mio. €"
Justin Diehl,"3,00 mio. €"
Jamie Leweling,"20,00 mio. €"
Silas,"7,00 mio. €"
Lazar Jovanovic,"2,00 mio. €"
Nick Woltemade,"30,00 mio. €"
Ermedin Demirovic,"22,00 mio. €"
Deniz Undav,"20,00 mio. €"
Juan José Perea,"2,00 mio. €"
Finn Dahmen,"9,00 mio. €"
Nediljko Labrovic,"2,50 mio. €"
Daniel Klein,150 K €
Tobias Jäger,100 K €
Chrislain Matsima,"22,00 mio. €"
Cédric Zesiger,"7,00 mio. €"
Keven Schlotterbeck,"6,00 mio. €"
Noahkai Banks,"6,00 mio. €"
Maximilian Bauer,"2,00 mio. €"
Jeffrey Gouweleeuw,"1,50 mio. €"
Dimitrios Giannoulis,"3,00 mio. €"
Mads Pedersen,"2,00 mio. €"
David Colina,850 K €
Marius Wolf,"3,00 mio. €"
Henri Koudossou,"2,00 mio. €"
Kristijan Jakic,"6,50 mio. €"
Tim Breithaupt,"2,50 mio. €"
Robin Fellhauer,"1,80 mio. €"
Mahmut Kücüksahin,175 K €
Han-Noah Massengo,"5,00 mio. €"
Arne Maier,"4,00 mio. €"
Elvis Rexhbecaj,"3,50 mio. €"
Alexis Claude-Maurice,"12,00 mio. €"
Mert Kömür,"5,00 mio. €"
Elias Saad,"4,00 mio. €"
Yusuf Kabadayi,"1,50 mio. €"
Kyliane Dong,500 K €
Phillip Tietz,"5,00 mio. €"
Samuel Essende,"4,50 mio. €"
Steve Mounié,"2,00 mio. €"
Michael Zetterer,"4,50 mio. €"
Mio Backhaus,"2,00 mio. €"
Markus Kolke,300 K €
Stefan Smarkalev,-
Marco Friedl,"12,00 mio. €"
Maximilian Wöber,"8,00 mio. €"
Niklas Stark,"4,00 mio. €"
Amos Pieper,"3,50 mio. €"
Julián Malatini,"2,50 mio. €"
Karim Coulibaly,-
Mick Schmetgens,-
Felix Agu,"8,00 mio. €"
Olivier Deman,"3,00 mio. €"
Mitchell Weiser,"5,00 mio. €"
Senne Lynen,"9,00 mio. €"
Skelly Alvero,"2,50 mio. €"
Wesley Adeh,-
Jens Stage,"14,00 mio. €"
Leonardo Bittencourt,"1,50 mio. €"
Dikeni Salifou,400 K €
Romano Schmid,"17,00 mio. €"
Isak Hansen-Aarøen,"1,00 mio. €"
Leon Opitz,600 K €
Patrice Covic,-
Marco Grüll,"4,00 mio. €"
Justin Njinmah,"7,00 mio. €"
Marvin Ducksch,"6,00 mio. €"
Keke Topp,"4,00 mio. €"
Dawid Kownacki,"2,50 mio. €"
Salim Musah,-
Kevin Müller,700 K €
Frank Feller,500 K €
Paul Tschernuth,100 K €
Benedikt Gimber,"3,00 mio. €"
Patrick Mainka,"3,00 mio. €"
Tim Siersleben,"2,00 mio. €"
Thomas Keller,500 K €
Adam Kölle,-
Jonas Föhrenbach,"1,50 mio. €"
Omar Traoré,"4,00 mio. €"
Marnon Busch,"1,20 mio. €"
Niklas Dorsch,"3,50 mio. €"
Julian Niehues,"1,50 mio. €"
Luka Janes,200 K €
Jan Schöppner,"4,00 mio. €"
Luca Kerber,"1,50 mio. €"
Nick Rothweiler,-
Arijon Ibrahimovic,"4,00 mio. €"
Adrian Beck,"2,00 mio. €"
Leo Scienza,"3,00 mio. €"
Mathias Honsak,"2,00 mio. €"
Sirlord Conteh,"1,50 mio. €"
Marvin Pieringer,"5,50 mio. €"
Budu Zivzivadze,"2,00 mio. €"
Maximilian Breunig,"1,50 mio. €"
Mikkel Kaufmann,"1,20 mio. €"
Stefan Schimmer,500 K €
Nikola Vasilj,"3,50 mio. €"
Ben Voll,500 K €
Simon Spari,350 K €
Eric Smith,"5,00 mio. €"
David Nemeth,"4,00 mio. €"
Hauke Wahl,"1,50 mio. €"
Karol Mets,"1,30 mio. €"
Adam Dzwigala,600 K €
Jannik Robatsch,600 K €
Muhammad Dahaba,125 K €
Lars Ritzka,"1,00 mio. €"
Louis Oppie,600 K €
Manolis Saliakas,"3,00 mio. €"
Arkadiusz Pyrka,"2,00 mio. €"
Fin Stevens,500 K €
James Sands,"3,00 mio. €"
Marwin Schmitz,200 K €
Joel Chima Fujita,"3,00 mio. €"
Connor Metcalfe,"2,50 mio. €"
Jackson Irvine,"2,00 mio. €"
Erik Ahlstrand,500 K €
Danel Sinani,"1,50 mio. €"
Mathias Pereira Lage,"2,50 mio. €"
Romeo Aigbekaen,100 K €
Oladapo Afolayan,"4,00 mio. €"
Scott Banks,500 K €
Andréas Hountondji,"2,50 mio. €"
Ricky-Jade Jones,900 K €
Abdoulie Ceesay,500 K €
Marco Carnesecchi,"25,00 mio. €"
Marco Sportiello,"1,00 mio. €"
Francesco Rossi,100 K €
Giorgio Scalvini,"35,00 mio. €"
Isak Hien,"30,00 mio. €"
Odilon Kossounou,"25,00 mio. €"
Sead Kolasinac,"7,00 mio. €"
Ben Godfrey,"6,00 mio. €"
Berat Djimsiti,"6,00 mio. €"
Giovanni Bonfanti,"3,00 mio. €"
Mitchel Bakker,"7,00 mio. €"
Honest Ahanor,"5,00 mio. €"
Ibrahim Sulemana,"7,00 mio. €"
Marten de Roon,"5,00 mio. €"
Éderson,"50,00 mio. €"
Mario Pasalić,"10,00 mio. €"
Marco Brescianini,"8,00 mio. €"
Raoul Bellanova,"24,00 mio. €"
Davide Zappacosta,"5,00 mio. €"
Marco Palestra,"3,50 mio. €"
Charles De Ketelaere,"35,00 mio. €"
Lazar Samardžić,"17,00 mio. €"
Daniel Maldini,"10,00 mio. €"
Kamaldeen Sulemana,"13,00 mio. €"
Ademola Lookman,"60,00 mio. €"
Mateo Retegui,"45,00 mio. €"
Gianluca Scamacca,"24,00 mio. €"
El Bilal Touré,"15,00 mio. €"
Jean Butez,"3,50 mio. €"
Emil Audero,"3,20 mio. €"
Mauro Vigorito,150 K €
Alberto Dossena,"8,00 mio. €"
Marc Oliver Kempf,"3,00 mio. €"
Edoardo Goldaniga,"3,00 mio. €"
Fellipe Jack,"1,40 mio. €"
Marco Curto,750 K €
Álex Valle,"6,00 mio. €"
Alberto Moreno,"1,50 mio. €"
Marco Sala,900 K €
Ignace Van der Brempt,"4,00 mio. €"
Mërgim Vojvoda,"3,00 mio. €"
Ivan Smolcic,"1,80 mio. €"
Peter Kovacik,"1,00 mio. €"
Tommaso Cassandro,700 K €
Máximo Perrone,"12,00 mio. €"
Yannik Engelhardt,"6,00 mio. €"
Oliver Abildgaard,"1,00 mio. €"
Maxence Caqueret,"16,00 mio. €"
Lucas Da Cunha,"10,00 mio. €"
Luca Mazzitelli,"1,50 mio. €"
Sergi Roberto,"1,50 mio. €"
Matthias Braunöder,"1,40 mio. €"
Ben Lhassine Kone,500 K €
Giuseppe Mazzaglia,250 K €
Nico Paz,"35,00 mio. €"
Martin Baturina,"22,00 mio. €"
Dele Alli,"2,00 mio. €"
Naj Razi,300 K €
Jesús Rodríguez,"30,00 mio. €"
Assane Diao,"30,00 mio. €"
Alieu Fadera,"4,50 mio. €"
Ali Jasim,550 K €
Nicolas Kühn,"12,00 mio. €"
Gabriel Strefezza,"6,00 mio. €"
Jayden Addai,"1,50 mio. €"
Samuel Ballet,"1,20 mio. €"
Liam Kerrigan,200 K €
Anastasios Douvikas,"10,00 mio. €"
Patrick Cutrone,"6,00 mio. €"
Iván Azón,"3,00 mio. €"
Andrea Belotti,"2,00 mio. €"
Alberto Cerri,"1,00 mio. €"
Alessandro Gabrielloni,850 K €
Vanja Milinković-Savić,"16,00 mio. €"
Mihai Popa,650 K €
Alberto Paleari,500 K €
Antonio Donnarumma,200 K €
Saúl Coco,"10,00 mio. €"
Ardian Ismajli,"6,00 mio. €"
Perr Schuurs,"5,00 mio. €"
Sebastian Walukiewicz,"4,50 mio. €"
Guillermo Maripán,"4,00 mio. €"
Saba Sazonov,"2,00 mio. €"
Adam Masina,"1,50 mio. €"
Ange Caumenan N'Guessan,300 K €
Senan Mullen,175 K €
Cristiano Biraghi,"1,80 mio. €"
Côme Bianay Balcot,175 K €
Adrien Tamèze,"2,00 mio. €"
Ivan Ilić,"16,00 mio. €"
Cesare Casadei,"15,00 mio. €"
Gvidas Gineitis,"6,00 mio. €"
Emirhan İlkhan,"1,70 mio. €"
Aaron Ciammaglichella,700 K €
Marcus Pedersen,"3,00 mio. €"
Ali Dembélé,900 K €
Brian Bayeye,300 K €
Valentino Lazaro,"4,50 mio. €"
Nikola Vlašić,"8,00 mio. €"
Tino Anjorin,"6,00 mio. €"
Sergiu Perciun,"1,50 mio. €"
Alieu Njie,"2,50 mio. €"
Zanos Savva,900 K €
Ché Adams,"15,00 mio. €"
Duván Zapata,"3,50 mio. €"
Antonio Sanabria,"2,80 mio. €"
Nicola Rauti,400 K €
Maduka Okoye,"7,50 mio. €"
Răzvan Sava,"2,50 mio. €"
Daniele Padelli,150 K €
Oumar Solet,"18,00 mio. €"
Nicolò Bertola,"6,00 mio. €"
Thomas Kristensen,"6,00 mio. €"
Lautaro Giannetti,"2,00 mio. €"
Matteo Palma,"1,00 mio. €"
Christian Kabasele,700 K €
Jordan Zemura,"4,50 mio. €"
Hassane Kamara,"3,50 mio. €"
Leonardo Buta,"2,00 mio. €"
Kingsley Ehizibue,"2,40 mio. €"
Gonçalo Esteves,500 K €
Jesper Karlström,"4,00 mio. €"
Sandi Lovrić,"8,50 mio. €"
Arthur Atta,"8,00 mio. €"
Jurgen Ekkelenkamp,"7,00 mio. €"
Martín Payero,"5,50 mio. €"
Oier Zarraga,"2,00 mio. €"
Marco Ballarini,100 K €
Rui Modesto,"2,00 mio. €"
Simone Pafundi,"5,00 mio. €"
David Pejičić,"1,00 mio. €"
Florian Thauvin,"5,00 mio. €"
Vakoun Bayo,"4,00 mio. €"
Brenner,"4,00 mio. €"
Keinan Davis,"3,40 mio. €"
Damián Pizarro,"3,20 mio. €"
Iker Bravo,"3,00 mio. €"
Alexis Sánchez,"1,50 mio. €"
Wladimiro Falcone,"3,50 mio. €"
Christian Früchtl,"1,30 mio. €"
Alexandru Borbei,100 K €
Jasper Samooja,75 K €
Federico Baschirotto,"3,60 mio. €"
Kialonda Gaspar,"3,50 mio. €"
Gaby Jean,"2,00 mio. €"
Tiago Gabriel,"1,00 mio. €"
Sebastian Esposito,200 K €
Antonino Gallo,"4,30 mio. €"
Vernon Addo,200 K €
Frédéric Guilbert,"2,50 mio. €"
Christ-Owen Kouassi,"2,00 mio. €"
Danilo Veiga,"1,00 mio. €"
Marlon Ubani,125 K €
Ylber Ramadani,"1,80 mio. €"
Balthazar Pierret,"1,70 mio. €"
Giacomo Faticanti,"1,00 mio. €"
Olaf Gorter,200 K €
Youssef Maleh,"3,20 mio. €"
Thórir Jóhann Helgason,"3,00 mio. €"
Lassana Coulibaly,"2,50 mio. €"
Mohamed Kaba,"2,00 mio. €"
Medon Berisha,"1,50 mio. €"
Hamza Rafia,"1,40 mio. €"
Niko Kovač,300 K €
Ed McJannet,150 K €
Enes Yilmaz,50 K €
Filip Marchwinski,"3,00 mio. €"
Rémi Oudin,"1,50 mio. €"
Lameck Banda,"4,50 mio. €"
Tete Morente,"2,00 mio. €"
Marco Delle Monache,800 K €
Till Winkelmann,200 K €
Santiago Pierotti,"4,00 mio. €"
Konan N’Dri,"1,40 mio. €"
Pablo Rodríguez,"1,80 mio. €"
Nikola Krstović,"15,00 mio. €"
Francesco Camarda,"10,00 mio. €"
Rareș Burnete,700 K €
Lorenzo Montipò,"2,00 mio. €"
Simone Perilli,400 K €
Federico Magro,300 K €
Giacomo Toniolo,75 K €
Daniele Ghilardi,"5,00 mio. €"
Enzo Ebosse,"2,00 mio. €"
Tobias Slotsager,"2,00 mio. €"
Nicolò Calabrese,300 K €
Martin Frese,"2,00 mio. €"
Jackson Tchatchoua,"8,00 mio. €"
Daniel Oyegoke,500 K €
Fallou Cham,150 K €
Cheikh Niasse,"2,50 mio. €"
Charlys,450 K €
Suat Serdar,"4,50 mio. €"
Antoine Bernede,"2,50 mio. €"
Abdou Harroui,"1,80 mio. €"
Tomas Suslov,"6,00 mio. €"
Grigoris Kastanos,"1,50 mio. €"
Alphadjo Cissè,"1,00 mio. €"
Stefan Mitrović,"1,50 mio. €"
Jayden Braaf,650 K €
Yayah Kallon,400 K €
Amin Sarr,"5,00 mio. €"
Giovane,"3,00 mio. €"
Daniel Mosquera,"1,50 mio. €"
Mathis Lambourde,800 K €
Dailon Rocha Livramento,800 K €
Kevin Lasagna,750 K €
Junior Ajayi,300 K €
Juan Manuel Cruz,250 K €
Andrea Fulignati,"1,20 mio. €"
Gianluca Saro,300 K €
Francesco Tommasi,125 K €
Lapo Nava,100 K €
Luca Ravanelli,"1,60 mio. €"
Francesco Folino,700 K €
Matteo Bianchetti,400 K €
Federico Ceccherini,400 K €
Lorenzo Moretti,250 K €
Maissa Ndiaye,100 K €
Giacomo Quagliata,"1,20 mio. €"
Yuri Rocchetti,900 K €
Paulo Azzi,800 K €
Tommaso Barbieri,"2,50 mio. €"
Romano Floriani Mussolini,"1,50 mio. €"
Charles Pickel,"2,40 mio. €"
Michele Castagnetti,350 K €
Alessio Brambilla,125 K €
Michele Collocolo,"3,00 mio. €"
Mattia Valoti,900 K €
Tommaso Milanese,600 K €
Dachi Lordkipanidze,100 K €
Leonardo Sernicola,"1,80 mio. €"
Franco Vázquez,750 K €
Dennis Johnsen,"3,50 mio. €"
Jari Vandeputte,"3,20 mio. €"
Luca Zanimacchia,"1,20 mio. €"
David Okereke,"2,20 mio. €"
Felix Afena-Gyan,"2,00 mio. €"
Manuel De Luca,"2,00 mio. €"
Marco Nasti,"2,00 mio. €"
Federico Bonazzoli,"1,00 mio. €"
Frank Tsadjout,500 K €
David Stückler,500 K €
Christos Mandas,"10,00 mio. €"
Ivan Provedel,"3,00 mio. €"
Davide Renzetti,100 K €
Alessio Furlanetto,50 K €
Mario Gila,"30,00 mio. €"
Alessio Romagnoli,"7,00 mio. €"
Oliver Provstgaard,"3,50 mio. €"
Samuel Gigot,"3,00 mio. €"
Patric,"2,50 mio. €"
Fabio Andrea Ruggeri,"1,00 mio. €"
Nuno Tavares,"25,00 mio. €"
Luca Pellegrini,"3,00 mio. €"
Mohamed Salim Fares,600 K €
Dimitrije Kamenovic,500 K €
Adam Marusic,"3,50 mio. €"
Elseid Hysaj,"1,50 mio. €"
Nicolò Rovella,"30,00 mio. €"
Reda Belahyane,"10,00 mio. €"
Danilo Cataldi,"3,50 mio. €"
Mattéo Guendouzi,"32,00 mio. €"
Matías Vecino,"2,00 mio. €"
Toma Bašić,800 K €
Manuel Lazzari,"3,50 mio. €"
Fisayo Dele-Bashiru,"7,50 mio. €"
Cristo Muñoz,250 K €
Mattia Zaccagni,"20,00 mio. €"
Saná Fernandes,700 K €
Gustav Isaksen,"20,00 mio. €"
Tijjani Noslin,"7,50 mio. €"
Matteo Cancellieri,"4,50 mio. €"
Pedro,"1,00 mio. €"
Taty Castellanos,"25,00 mio. €"
Boulaye Dia,"15,00 mio. €"
Lucas Chevalier,"30,00 mio. €"
Arnaud Bodart,"2,50 mio. €"
Marc-Aurèle Caillard,100 K €
Bafodé Diakité,"28,00 mio. €"
Alexsandro,"20,00 mio. €"
Aïssa Mandi,"1,20 mio. €"
Rafael Fernandes,"1,00 mio. €"
Ousmane Touré,500 K €
Vincent Burlet,600 K €
Tiago Santos,"15,00 mio. €"
Thomas Meunier,"2,00 mio. €"
Ngal'ayel Mukau,"15,00 mio. €"
Nabil Bentaleb,"6,00 mio. €"
Benjamin André,"5,00 mio. €"
Ugo Raghouber,"4,00 mio. €"
Ayyoub Bouaddi,"28,00 mio. €"
André Gomes,"6,00 mio. €"
Ethan Mbappé,"5,00 mio. €"
Hákon Arnar Haraldsson,"18,00 mio. €"
Osame Sahraoui,"12,00 mio. €"
Félix Correia,"4,00 mio. €"
Tiago Morais,"3,00 mio. €"
Edon Zhegrova,"25,00 mio. €"
Marius Broholm,"7,00 mio. €"
Matías Fernández-Pardo,"15,00 mio. €"
Mohamed Bayo,"2,80 mio. €"
Olivier Giroud,"1,50 mio. €"
Trévis Dago,400 K €
Lucas Perri,"10,00 mio. €"
Rémy Descamps,"1,20 mio. €"
Mathieu Patouillet,800 K €
Justin Bengui,400 K €
Lassine Diarra,50 K €
Moussa Niakhaté,"15,00 mio. €"
Duje Caleta-Car,"7,00 mio. €"
Clinton Mata,"3,50 mio. €"
Abner,"7,00 mio. €"
Achraf Laâziri,800 K €
Ainsley Maitland-Niles,"12,00 mio. €"
Saël Kumbedi,"7,00 mio. €"
Orel Mangala,"18,00 mio. €"
Tanner Tessmann,"6,00 mio. €"
Nemanja Matic,"2,00 mio. €"
Paul Akouokou,800 K €
Islamdine Halifa,750 K €
Corentin Tolisso,"12,00 mio. €"
Jordan Veretout,"4,00 mio. €"
Mahamadou Diawara,"2,00 mio. €"
Malick Fofana,"30,00 mio. €"
Ernest Nuamah,"15,00 mio. €"
Georges Mikautadze,"22,00 mio. €"
Enzo Molebe,100 K €
Yahia Fofana,"7,00 mio. €"
Hervé Koffi,"1,20 mio. €"
Melvin Zinga,300 K €
Oumar Pona,-
Emmanuel Biumla,"4,00 mio. €"
Jordan Lefort,"1,50 mio. €"
Ousmane Camara,400 K €
Abdoulaye Bamba,300 K €
Jacques Ekomié,800 K €
Florent Hanin,300 K €
Dan Sinaté,-
Carlens Arcus,"1,80 mio. €"
Lilian Raolisoa,800 K €
Marius Louër,-
Marius Courcoul,300 K €
Haris Belkebla,"2,00 mio. €"
Yassin Belkhdim,"1,00 mio. €"
Louis Mouton,700 K €
Pierrick Capelle,200 K €
Himad Abdelli,"7,00 mio. €"
Jim Allevinah,"1,50 mio. €"
Justin Kalumba,400 K €
Estéban Lepaul,"7,00 mio. €"
Sidiki Chérif,800 K €
Guédé Nadje,50 K €
Mory Diaw,800 K €
Lionel Mpasi-Nzau,400 K €
Paul Argney,100 K €
Arouna Sangante,"8,00 mio. €"
Étienne Youté Kinkoué,"7,00 mio. €"
Gautier Lloris,"3,00 mio. €"
Aliou Thiaré,800 K €
Yanis Zouaoui,800 K €
Thomas Delaine,600 K €
Loïc Nego,700 K €
Oualid El Hajjam,300 K €
Abdoulaye Touré,"3,00 mio. €"
Rassoul Ndiaye,"2,00 mio. €"
Yassine Kechta,"5,00 mio. €"
Simon Ebonog,150 K €
Mokrane Bentoumi,50 K €
Ismaïl Bouneb,50 K €
Issa Soumaré,"2,00 mio. €"
Felix Mambimbi,600 K €
Kandet Diawara,400 K €
Godson Kyeremeh,700 K €
Ruben Londja,-
Elysée Logbo,400 K €
Nicola Leali,"1,50 mio. €"
Benjamin Siegrist,650 K €
Daniele Sommariva,100 K €
Koni De Winter,"22,00 mio. €"
Johan Vásquez,"14,00 mio. €"
Alessandro Vogliacco,"2,80 mio. €"
Alessandro Marcandalli,"2,00 mio. €"
Sebastian Otoa,"2,00 mio. €"
Mattia Bani,"1,80 mio. €"
Aarón Martín,"6,50 mio. €"
Brooke Norton-Cuffy,"3,50 mio. €"
Stefano Sabelli,"1,40 mio. €"
Emil Bohinen,"1,50 mio. €"
Morten Frendrup,"20,00 mio. €"
Patrizio Masini,"6,00 mio. €"
Mikael Egill Ellertsson,"3,40 mio. €"
Morten Thorsby,"3,00 mio. €"
Valentín Carboni,"12,00 mio. €"
Albert Grønbæk,"11,00 mio. €"
Nicolae Stanciu,"3,50 mio. €"
Ruslan Malinovskyi,"2,50 mio. €"
Mattia Aramu,900 K €
Christos Papadopoulos,700 K €
Hugo Cuenca,300 K €
Junior Messias,"1,50 mio. €"
Lorenzo Venturino,"1,50 mio. €"
Seydou Fini,"1,30 mio. €"
Vitinha,"8,00 mio. €"
Jeff Ekhator,"5,00 mio. €"
Caleb Ekuban,"1,30 mio. €"
David Ankeye,850 K €
Alessandro Debenedetti,650 K €
Gerónimo Rulli,"8,00 mio. €"
Jeffrey de Lange,"2,00 mio. €"
Rubén Blanco,"1,00 mio. €"
Simon Ngapandouetnbu,500 K €
Jelle Van Neck,50 K €
Facundo Medina,"25,00 mio. €"
Leonardo Balerdi,"20,00 mio. €"
CJ Egan-Riley,"16,00 mio. €"
Derek Cornelius,"5,00 mio. €"
Bamo Meïté,"4,00 mio. €"
Quentin Merlin,"15,00 mio. €"
Ulisses Garcia,"5,00 mio. €"
Amir Murillo,"10,00 mio. €"
Pol Lirola,"4,00 mio. €"
Pierre-Emile Højbjerg,"20,00 mio. €"
Geoffrey Kondogbia,"7,00 mio. €"
Adrien Rabiot,"25,00 mio. €"
Azzedine Ounahi,"10,00 mio. €"
Valentin Rongier,"9,00 mio. €"
Ismaël Koné,"9,00 mio. €"
Bilal Nadir,"5,00 mio. €"
Angel Gomes,"20,00 mio. €"
Amine Harit,"8,00 mio. €"
Darryl Bakola,200 K €
Jonathan Rowe,"12,00 mio. €"
Mason Greenwood,"40,00 mio. €"
François Mughe,400 K €
Amine Gouiri,"30,00 mio. €"
Neal Maupay,"8,00 mio. €"
Faris Moumbagna,"5,00 mio. €"
Yehvann Diouf,"12,00 mio. €"
Maxime Dupé,900 K €
Teddy Boulhendi,50 K €
Youssouf Ndayishimiye,"12,00 mio. €"
Moïse Bombito,"10,00 mio. €"
Juma Bah,"6,00 mio. €"
Mohamed Abdelmonem,"4,00 mio. €"
Dante,500 K €
Amidou Doumbouya,200 K €
Melvin Bard,"15,00 mio. €"
Ali Abdi,"3,00 mio. €"
Jonathan Clauss,"5,00 mio. €"
Antoine Mendy,"2,50 mio. €"
Pablo Rosario,"8,00 mio. €"
Hicham Boudaoui,"15,00 mio. €"
Tanguy Ndombélé,"7,00 mio. €"
Morgan Sanson,"5,00 mio. €"
Issiaga Camara,200 K €
Tom Louchet,"2,50 mio. €"
Gabin Bernardeau,600 K €
Jérémie Boga,"10,00 mio. €"
Sofiane Diop,"10,00 mio. €"
Isak Jansson,"3,50 mio. €"
Billal Brahimi,"1,80 mio. €"
Aliou Baldé,800 K €
Mohamed-Ali Cho,"15,00 mio. €"
Badredine Bouanani,"7,00 mio. €"
Evann Guessand,"25,00 mio. €"
Terem Moffi,"15,00 mio. €"
Gaëtan Laborde,"6,00 mio. €"
Gianluigi Donnarumma,"40,00 mio. €"
Matvey Safonov,"20,00 mio. €"
Arnau Tenas,"3,00 mio. €"
Renato Marin,500 K €
Willian Pacho,"65,00 mio. €"
Marquinhos,"35,00 mio. €"
Lucas Beraldo,"25,00 mio. €"
Milan Škriniar,"15,00 mio. €"
Presnel Kimpembe,"5,00 mio. €"
Nuno Mendes,"70,00 mio. €"
Lucas Hernández,"25,00 mio. €"
Achraf Hakimi,"80,00 mio. €"
Nordi Mukiele,"10,00 mio. €"
João Neves,"80,00 mio. €"
Gabriel Moscardo,"8,00 mio. €"
Vitinha,"80,00 mio. €"
Warren Zaïre-Emery,"55,00 mio. €"
Fabián Ruiz,"40,00 mio. €"
Carlos Soler,"18,00 mio. €"
Senny Mayulu,"15,00 mio. €"
Renato Sanches,"3,00 mio. €"
Marco Asensio,"20,00 mio. €"
Khvicha Kvaratskhelia,"90,00 mio. €"
Bradley Barcola,"70,00 mio. €"
Ousmane Dembélé,"90,00 mio. €"
Désiré Doué,"90,00 mio. €"
Kang-in Lee,"25,00 mio. €"
Ibrahim Mbaye,"3,00 mio. €"
Gonçalo Ramos,"40,00 mio. €"
Randal Kolo Muani,"30,00 mio. €"
